English	French	Dutch	German	Spanish	Portuguese	Russian	Swedish	Italian	Danish	Polish	Finnish	Norwegian	Czech	Hungarian	Turkish
ABS	ABS	ABS	ABS	ABS	ABS	ABS	ABS	ASS	ABS	MODUŁ.LICZBY	ITSEISARVO	ABS	ABS	ABS	MUTLAK
ACCRINT	INTERET.ACC	SAMENG.RENTE	AUFGELZINS	INT.ACUM	JUROSACUM	НАКОПДОХОД	UPPLRÄNTA	INT.MATURATO.PER	PÅLØBRENTE	NAL.ODS	KERTYNYT.KORKO	PÅLØPT.PERIODISK.RENTE	ACCRINT	IDŐSZAKI.KAMAT	GERÇEKFAİZ
ACCRINTM	INTERET.ACC.MAT	SAMENG.RENTE.V	AUFGELZINSF	INT.ACUM.V	JUROSACUMV	НАКОПДОХОДПОГАШ	UPPLOBLRÄNTA	INT.MATURATO.SCAD	PÅLØBRENTE.UDLØB	NAL.ODS.WYKUP	KERTYNYT.KORKO.LOPUSSA	PÅLØPT.FORFALLSRENTE	ACCRINTM	LEJÁRATI.KAMAT	GERÇEKFAİZV
ACOS	ACOS	BOOGCOS	ARCCOS	ACOS	ACOS	ACOS	ARCCOS	ARCCOS	ARCCOS	ACOS	ACOS	ARCCOS	ARCCOS	ARCCOS	ACOS
ACOSH	ACOSH	BOOGCOSH	ARCCOSHYP	ACOSH	ACOSH	ACOSH	ARCCOSH	ARCCOSH	ARCCOSH	ACOSH	ACOSH	ARCCOSH	ARCCOSH	ACOSH	ACOSH
ACOT	ACOT	BOOGCOT	ARCCOT	ACOT	ACOT	ACOT	ARCCOT	ARCCOT	ARCCOT	ACOT	ACOT	ACOT	ACOT	ARCCOT	ACOT
ACOTH	ACOTH	BOOGCOTH	ARCCOTHYP	ACOTH	ACOTH	ACOTH	ARCCOTH	ARCCOTH	ARCCOTH	ACOTH	ACOTH	ACOTH	ACOTH	ARCCOTH	ACOTH
ADDRESS	ADRESSE	ADRES	ADRESSE	DIRECCION	ENDEREÇO	АДРЕС	ADRESS	INDIRIZZO	ADRESSE	ADRES	OSOITE	ADRESSE	ODKAZ	CÍM	ADRES
AGGREGATE	AGREGAT	AGGREGAAT	AGGREGAT	AGREGAR	AGREGAR	АГРЕГАТ	MÄNGD	AGGREGA	SAMLING	AGREGUJ	KOOSTE	MENGDE	AGGREGATE	ÖSSZESÍT	TOPLAMA
AMORDEGRC	AMORDEGRC	AMORDEGRC	AMORDEGRK	AMORTIZ.PROGRE	AMORDEGRC	АМОРУМ	AMORDEGRC	AMMORT.DEGR	AMORDEGRC	AMORT.NIELIN	AMORDEGRC	AMORDEGRC	AMORDEGRC	ÉRTÉKCSÖKK.TÉNYEZŐVEL	AMORDEGRC
AMORLINC	AMORLINC	AMORLINC	AMORLINEARK	AMORTIZ.LIN	AMORLINC	АМОРУВ	AMORLINC	AMMORT.PER	AMORLINC	AMORT.LIN	AMORLINC	AMORLINC	AMORLINC	ÉRTÉKCSÖKK	AMORLINC
AND	ET	EN	UND	Y	E	И	OCH	E	OG	ORAZ	JA	OG	A	ÉS	VE
ARABIC	CHIFFRE.ARABE	ARABISCH	ARABISCH	NUMERO.ARABE	ÁRABE	АРАБСКОЕ	ARABISKA	NUMERO.ARABO	ARABISK	ARABSKIE	ARABIA	ARABISK	ARABIC	ARAB	ARAP
AREAS	ZONES	BEREIKEN	BEREICHE	AREAS	ÁREAS	ОБЛАСТИ	OMRÅDEN	AREE	OMRÅDER	OBSZARY	ALUEET	OMRÅDER	POČET.BLOKŮ	TERÜLET	ALANSAY
ASC	ASC	ASC	ASC	ASC	ASC	ASC	ASC	ASC	ASC	ASC	ASC	STIGENDE	ASC	ASC	ASC
ASIN	ASIN	BOOGSIN	ARCSIN	ASENO	ASEN	ASIN	ARCSIN	ARCSEN	ARCSIN	ASIN	ASIN	ARCSIN	ARCSIN	ARCSIN	ASİN
ASINH	ASINH	BOOGSINH	ARCSINHYP	ASENOH	ASENH	ASINH	ARCSINH	ARCSENH	ARCSINH	ASINH	ASINH	ARCSINH	ARCSINH	ASINH	ASINH
ATAN	ATAN	BOOGTAN	ARCTAN	ATAN	ATAN	ATAN	ARCTAN	ARCTAN	ARCTAN	ATAN	ATAN	ARCTAN	ARCTG	ARCTAN	ATAN
ATAN2	ATAN2	BOOGTAN2	ARCTAN2	ATAN2	ATAN2	ATAN2	ARCTAN2	ARCTAN.2	ARCTAN2	ATAN2	ATAN2	ARCTAN2	ARCTG2	ARCTAN2	ATAN2
ATANH	ATANH	BOOGTANH	ARCTANHYP	ATANH	ATANH	ATANH	ARCTANH	ARCTANH	ARCTANH	ATANH	ATANH	ARCTANH	ARCTGH	ATANH	ATANH
AVEDEV	ECART.MOYEN	GEM.DEVIATIE	MITTELABW	DESVPROM	DESV.MÉDIO	СРОТКЛ	MEDELAVV	MEDIA.DEV	MAD	ODCH.ŚREDNIE	KESKIPOIKKEAMA	GJENNOMSNITTSAVVIK	PRŮMODCHYLKA	ÁTL.ELTÉRÉS	ORTSAP
AVERAGE	MOYENNE	GEMIDDELDE	MITTELWERT	PROMEDIO	MÉDIA	СРЗНАЧ	MEDEL	MEDIA	MIDDEL	ŚREDNIA	KESKIARVO	GJENNOMSNITT	PRŮMĚR	ÁTLAG	ORTALAMA
AVERAGEA	AVERAGEA	GEMIDDELDEA	MITTELWERTA	PROMEDIOA	MÉDIAA	СРЗНАЧА	AVERAGEA	MEDIA.VALORI	MIDDELV	ŚREDNIA.A	KESKIARVOA	GJENNOMSNITTA	AVERAGEA	ÁTLAGA	ORTALAMAA
AVERAGEIF	MOYENNE.SI	GEMIDDELDE.ALS	MITTELWERTWENN	PROMEDIO.SI	MÉDIA.SE	СРЗНАЧЕСЛИ	MEDELOM	MEDIA.SE	MIDDEL.HVIS	ŚREDNIA.JEŻELI	KESKIARVO.JOS	GJENNOMSNITTHVIS	AVERAGEIF	ÁTLAGHA	EĞERORTALAMA
AVERAGEIFS	MOYENNE.SI.ENS	GEMIDDELDEN.ALS	MITTELWERTWENNS	PROMEDIO.SI.CONJUNTO	MÉDIA.SE.S	СРЗНАЧЕСЛИМН	MEDEL.OMF	MEDIA.PIÙ.SE	MIDDEL.HVISER	ŚREDNIA.WARUNKÓW	KESKIARVO.JOS.JOUKKO	GJENNOMSNITT.HVIS.SETT	AVERAGEIFS	ÁTLAGHATÖBB	ÇOKEĞERORTALAMA
BAHTTEXT	BAHTTEXT	BAHT.TEKST	BAHTTEXT	TEXTOBAHT	TEXTO.BAHT	БАТТЕКСТ	BAHTTEXT	BAHTTESTO	BAHTTEKST	BAT.TEKST	BAHTTEKSTI	BAHTTEKST	BAHTTEXT	BAHTSZÖVEG	BAHTMETİN
BASE	BASE	BASIS	BASIS	BASE	BASE	ОСНОВАНИЕ	BAS	BASE	BASIS	PODSTAWA	PERUS	GRUNNTALL	BASE	ALAP	TABAN
BESSELI	BESSELI	BESSEL.I	BESSELI	BESSELI	BESSELI	БЕССЕЛЬ.I	BESSELI	BESSEL.I	BESSELI	BESSEL.I	BESSELI	BESSELI	BESSELI	BESSELI	BESSELI
BESSELJ	BESSELJ	BESSEL.J	BESSELJ	BESSELJ	BESSELJ	БЕССЕЛЬ.J	BESSELJ	BESSEL.J	BESSELJ	BESSEL.J	BESSELJ	BESSELJ	BESSELJ	BESSELJ	BESSELJ
BESSELK	BESSELK	BESSEL.K	BESSELK	BESSELK	BESSELK	БЕССЕЛЬ.K	BESSELK	BESSEL.K	BESSELK	BESSEL.K	BESSELK	BESSELK	BESSELK	BESSELK	BESSELK
BESSELY	BESSELY	BESSEL.Y	BESSELY	BESSELY	BESSELY	БЕССЕЛЬ.Y	BESSELY	BESSEL.Y	BESSELY	BESSEL.Y	BESSELY	BESSELY	BESSELY	BESSELY	BESSELY
BETA.DIST	LOI.BETA.N	BETA.VERD	BETA.VERT	DISTR.BETA	DIST.BETA	БЕТА.РАСП	BETA.FÖRD	DISTRIB.BETA.N	BETA.FORDELING	ROZKŁ.BETA	BEETA.JAKAUMA	BETA.FORDELING	BETA.DIST	BÉTA.ELOSZL	BETA.DAĞ
BETA.INV	BETA.INVERSE.N	BETA.INV	BETA.INV	INV.BETA	INV.BETA	БЕТА.ОБР	BETA.INV	INV.BETA.N	BETA.INV	ROZKŁ.BETA.ODWR	BEETA.KÄÄNT	BETA.INV	BETA.INV	BÉTA.INVERZ	BETA.TERS
BETADIST	LOI.BETA	BETA.VERD	BETAVERT	DISTR.BETA	DISTBETA	БЕТАРАСП	BETAFÖRD	DISTRIB.BETA	BETAFORDELING	ROZKŁAD.BETA	BEETAJAKAUMA	BETA.FORDELING	BETADIST	BÉTA.ELOSZLÁS	BETADAĞ
BETAINV	BETA.INVERSE	BETA.INV	BETAINV	DISTR.BETA.INV	BETA.ACUM.INV	БЕТАОБР	BETAINV	INV.BETA	BETAINV	ROZKŁAD.BETA.ODW	BEETAJAKAUMA.KÄÄNT	INVERS.BETA.FORDELING	BETAINV	INVERZ.BÉTA	BETATERS
BIN2DEC	BINDEC	BIN.N.DEC	BININDEZ	BIN.A.DEC	BINADEC	ДВ.В.ДЕС	BIN.TILL.DEC	BINARIO.DECIMALE	BIN.TIL.DEC	DWÓJK.NA.DZIES	BINDES	BINTILDES	BIN2DEC	BIN.DEC	BIN2DEC
BIN2HEX	BINHEX	BIN.N.HEX	BININHEX	BIN.A.HEX	BINAHEX	ДВ.В.ШЕСТН	BIN.TILL.HEX	BINARIO.HEX	BIN.TIL.HEX	DWÓJK.NA.SZESN	BINHEKSA	BINTILHEKS	BIN2HEX	BIN.HEX	BIN2HEX
BIN2OCT	BINOCT	BIN.N.OCT	BININOKT	BIN.A.OCT	BINAOCT	ДВ.В.ВОСЬМ	BIN.TILL.OKT	BINARIO.OCT	BIN.TIL.OKT	DWÓJK.NA.ÓSM	BINOKT	BINTILOKT	BIN2OCT	BIN.OKT	BIN2OCT
BINOM.DIST	LOI.BINOMIALE.N	BINOM.VERD	BINOM.VERT	DISTR.BINOM.N	DISTR.BINOM	БИНОМ.РАСП	BINOM.FÖRD	DISTRIB.BINOM.N	BINOMIAL.FORDELING	ROZKŁ.DWUM	BINOMI.JAKAUMA	BINOM.FORDELING	BINOM.DIST	BINOM.ELOSZL	BİNOM.DAĞ
BINOM.DIST.RANGE	BINOM.DIST.RANGE	BINOM.VERD.BEREIK	BINOM.VERT.BEREICH	DISTR.BINOM.SERIE	DIST.BINOM.INTERVALO	BINOM.DIST.RANGE	BINOM.FÖRD.INTERVALL	INTERVALLO.DISTRIB.BINOM.N	BINOMIAL.DIST.INTERVAL	ROZKŁ.DWUM.ZAKRES	BINOMI.JAKAUMA.ALUE	BINOM.FORDELING.OMRÅDE	BINOM.DIST.RANGE	BINOM.ELOSZL.TART	BINOM.DAĞ.ARALIK
BINOM.INV	LOI.BINOMIALE.INVERSE	BINOMIALE.INV	BINOM.INV	INV.BINOM	INV.BINOM	БИНОМ.ОБР	BINOM.INV	INV.BINOM	BINOMIAL.INV	ROZKŁ.DWUM.ODWR	BINOMIJAKAUMA.KÄÄNT	BINOM.INV	BINOM.INV	BINOM.INVERZ	BİNOM.TERS
BINOMDIST	LOI.BINOMIALE	BINOMIALE.VERD	BINOMVERT	DISTR.BINOM	DISTRBINOM	БИНОМРАСП	BINOMFÖRD	DISTRIB.BINOM	BINOMIALFORDELING	ROZKŁAD.DWUM	BINOMIJAKAUMA	BINOM.FORDELING	BINOMDIST	BINOM.ELOSZLÁS	BİNOMDAĞ
BITAND	BITET	BIT.EN	BITUND	BIT.Y	BIT.E	BITAND	BITOCH	BITAND	BITOG	BITAND	BITTI.JA	BITOG	BITAND	BIT.ÉS	BİTVE
BITLSHIFT	BITLSHIFT	BIT.VERSCHUIF.LINKS	BITLVERSCHIEB	BIT.DESPLIZQDA	BITDESL.ESQ	BITLSHIFT	BITVSKIFT	BIT.SPOSTA.SX	BITLSKIFT	BIT.PRZESUNIĘCIE.W.LEWO	BITTI.SIIRTO.V	BITVFORSKYV	BITLSHIFT	BIT.BAL.ELTOL	BİTSOLAKAYDIR
BITOR	BITOU	BIT.OF	BITODER	BITOR	BIT.OU	BITOR	BITELLER	BITOR	BITELLER	BITOR	BITTI.TAI	BITELLER	BITOR	BIT.VAGY	BİTVEYA
BITRSHIFT	BITDECALD	BIT.VERSCHUIF.RECHTS	BITRVERSCHIEB	BITRSHIFT	BITDESL.DIR	BITRSHIFT	BITHSKIFT	BIT.SPOSTA.DX	BITRSKIFT	BIT.PRZESUNIĘCIE.W.PRAWO	BITTI.SIIRTO.O	BITHFORSKYV	BITRSHIFT	BIT.JOBB.ELTOL	BİTSAĞAKAYDIR
BITXOR	BITOUEXCLUSIF	BIT.EX.OF	BITXODER	BIT.XO	BIT.XOU	BITXOR	BITXELLER	BITXOR	BITXELLER	BITXOR	BITTI.EHDOTON.TAI	BITEKSKLUSIVELLER	BITXOR	BIT.XVAGY	BİTÖZELVEYA
CALL	FONCTION.APPELANTE	ROEPEN	AUFRUFEN	LLAMAR	CHAMAR	ВЫЗВАТЬ	ANROPA	RICHIAMA	KALD	WYWOŁAJ	KUTSU	ANROP	VOLAT	HÍVÁS	ÇAĞIR
CEILING	PLAFOND	AFRONDEN.BOVEN	OBERGRENZE	MULTIPLO.SUPERIOR	ARRED.EXCESSO	ОКРВВЕРХ	RUNDA.UPP	ARROTONDA.ECCESSO	AFRUND.LOFT	ZAOKR.W.GÓRĘ	PYÖRISTÄ.KERR.YLÖS	AVRUND.GJELDENDE.MULTIPLUM	ZAOKR.NAHORU	PLAFON	TAVANAYUVARLA
CEILING.MATH	PLAFOND.MATH	AFRONDEN.BOVEN.WISK	OBERGRENZE.MATHEMATIK	CEILING.MATH	ARRED.EXCESSO.MAT	ОКРВВЕРХ.МАТ	RUNDA.UPP.MATEMATISKT	ARROTONDA.ECCESSO.MAT	LOFT.MAT	ZAOKR.W.GÓRĘ.MATEMATYCZNE	PYÖRISTÄ.KERR.YLÖS.MATEMAATTINEN	AVRUND.GJELDENDE.MULTIPLUM.OPP.MATEMATISK	CEILING.MATH	PLAFON.MAT	TAVANAYUVARLA.MATEMATİK
CEILING.PRECISE	PLAFOND.PRECIS	AFRONDEN.BOVEN.NAUWKEURIG	OBERGRENZE.GENAU	MULTIPLO.SUPERIOR.EXACTO	ARRED.EXCESSO.PRECISO	ОКРВВЕРХ.ТОЧН	RUNDA.UPP.EXAKT	ARROTONDA.ECCESSO.PRECISA	LOFT.PRECISE	ZAOKR.W.GÓRĘ.DOKŁ	PYÖRISTÄ.KERR.YLÖS.TARKKA	AVRUND.GJELDENDE.MULTIPLUM.PRESIS	CEILING.PRECISE	PLAFON.PONTOS	CEILING.PRECISE
CELL	CELLULE	CEL	ZELLE	CELDA	CÉL	ЯЧЕЙКА	CELL	CELLA	CELLE	KOMÓRKA	SOLU	CELLE	BUŇKA	CELLA	HÜCRE
CHAR	CAR	TEKEN	ZEICHEN	CARACTER	CARÁT	СИМВОЛ	TECKENKOD	CODICE.CARATT	CHAR	ZNAK	MERKKI	TEGNKODE	ZNAK	KARAKTER	DAMGA
CHIDIST	LOI.KHIDEUX	CHI.KWADRAAT	CHIVERT	DISTR.CHI	DIST.CHI	ХИ2РАСП	CHI2FÖRD	DISTRIB.CHI	CHIFORDELING	ROZKŁAD.CHI	CHIJAKAUMA	KJI.FORDELING	CHIDIST	KHI.ELOSZLÁS	KİKAREDAĞ
CHIINV	KHIDEUX.INVERSE	CHI.KWADRAAT.INV	CHIINV	PRUEBA.CHI.INV	INV.CHI	ХИ2ОБР	CHI2INV	INV.CHI	CHIINV	ROZKŁAD.CHI.ODW	CHIJAKAUMA.KÄÄNT	INVERS.KJI.FORDELING	CHIINV	INVERZ.KHI	KİKARETERS
CHISQ.DIST	LOI.KHIDEUX	CHIKW.VERD	CHIQU.VERT	DISTR.CHICUAD	DIST.CHIQ	ХИ2.РАСП	CHI2.FÖRD	DISTRIB.CHIQUAD	CHI2.FORDELING	ROZKŁ.CHI	CHINELIÖ.JAKAUMA	KJIKVADRAT.FORDELING	CHISQ.DIST	KHINÉGYZET.ELOSZLÁS	KİKARE.DAĞ
CHISQ.DIST.RT	LOI.KHIDEUX.DROITE	CHIKW.VERD.RECHTS	CHIQU.VERT.RE	DISTR.CHICUAD.CD	DIST.CHIQ.DIR	ХИ2.РАСП.ПХ	CHI2.FÖRD.RT	DISTRIB.CHIQUAD.DS	CHI2.FORD.RT	ROZKŁ.CHI.PS	CHINELIÖ.JAKAUMA.OH	KJIKVADRAT.FORDELING.H	CHISQ.DIST.RT	KHINÉGYZET.ELOSZLÁS.JOBB	KİKARE.DAĞ.SAĞK
CHISQ.INV	LOI.KHIDEUX.INVERSE	CHIKW.INV	CHIQU.INV	INV.CHICUAD	INV.CHIQ	ХИ2.ОБР	CHI2.INV	INV.CHIQUAD	CHI2.INV	ROZKŁ.CHI.ODWR	CHINELIÖ.KÄÄNT	KJIKVADRAT.INV	CHISQ.INV	KHINÉGYZET.INVERZ	KİKARE.TERS
CHISQ.INV.RT	LOI.KHIDEUX.INVERSE.DROITE	CHIKW.INV.RECHTS	CHIQU.INV.RE	INV.CHICUAD.CD	INV.CHIQ.DIR	ХИ2.ОБР.ПХ	CHI2.INV.RT	INV.CHI.QUAD.DS	CHI2.INV.RT	ROZKŁ.CHI.ODWR.PS	CHINELIÖ.KÄÄNT.OH	KJIKVADRAT.INV.H	CHISQ.INV.RT	KHINÉGYZET.INVERZ.JOBB	KİKARE.TERS.SAĞK
CHISQ.TEST	CHISQ.TEST	CHIKW.TEST	CHIQU.TEST	PRUEBA.CHICUAD	TESTE.CHIQ	ХИ2.ТЕСТ	CHI2.TEST	TEST.CHIQUAD	CHI2.TEST	CHI.TEST	CHINELIÖ.TESTI	KJIKVADRAT.TEST	CHISQ.TEST	KHINÉGYZET.PRÓBA	KİKARE.TEST
CHITEST	TEST.KHIDEUX	CHI.TOETS	CHITEST	PRUEBA.CHI	TESTE.CHI	ХИ2ТЕСТ	CHI2TEST	TEST.CHI	CHITEST	TEST.CHI	CHITESTI	KJI.TEST	CHITEST	KHI.PRÓBA	KİKARETEST
CHOOSE	CHOISIR	KIEZEN	WAHL	ELEGIR	SELECIONAR	ВЫБОР	VÄLJ	SCEGLI	VÆLG	WYBIERZ	VALITSE.INDEKSI	VELG	ZVOLIT	VÁLASZT	ELEMAN
CLEAN	EPURAGE	WISSEN.CONTROL	SÄUBERN	LIMPIAR	LIMPARB	ПЕЧСИМВ	RENSA	LIBERA	RENS	OCZYŚĆ	SIIVOA	RENSK	VYČISTIT	TISZTÍT	TEMİZ
CODE	CODE	CODE	CODE	CODIGO	CÓDIGO	КОДСИМВ	KOD	CODICE	KODE	KOD	KOODI	KODE	KÓD	KÓD	KOD
COLUMN	COLONNE	KOLOM	SPALTE	COLUMNA	COL	СТОЛБЕЦ	KOLUMN	RIF.COLONNA	KOLONNE	NR.KOLUMNY	SARAKE	KOLONNE	SLOUPEC	OSZLOP	SÜTUN
COLUMNS	COLONNES	KOLOMMEN	SPALTEN	COLUMNAS	COLS	ЧИСЛСТОЛБ	KOLUMNER	COLONNE	KOLONNER	LICZBA.KOLUMN	SARAKKEET	KOLONNER	SLOUPCE	OSZLOPOK	SÜTUNSAY
COMBIN	COMBIN	COMBINATIES	KOMBINATIONEN	COMBINAT	COMBIN	ЧИСЛКОМБ	KOMBIN	COMBINAZIONE	KOMBIN	KOMBINACJE	KOMBINAATIO	KOMBINASJON	KOMBINACE	KOMBINÁCIÓK.ISM	KOMBİNASYON
COMBINA	COMBINA	COMBIN.A	KOMBINATIONEN2	COMBINA	COMBIN.R	COMBINA	KOMBINA	COMBINAZIONE.VALORI	KOMBINA	KOMBINACJE.A	KOMBINAATIOA	KOMBINASJONA	KOMBINACE.A	KOMBINÁCIÓK.ISM	KOMBİNASYONA
COMPLEX	COMPLEXE	COMPLEX	KOMPLEXE	COMPLEJO	COMPLEXO	КОМПЛЕКСН	KOMPLEX	COMPLESSO	KOMPLEKS	LICZBA.ZESP	KOMPLEKSI	KOMPLEKS	COMPLEX	KOMPLEX	KARMAŞIK
CONCATENATE	CONCATENER	TEKST.SAMENVOEGEN	VERKETTEN	CONCATENAR	CONCATENAR	СЦЕПИТЬ	SAMMANFOGA	CONCATENA	SAMMENKÆDNING	ZŁĄCZ.TEKSTY	KETJUTA	KJEDE.SAMMEN	CONCATENATE	ÖSSZEFŰZ	BİRLEŞTİR
CONFIDENCE	INTERVALLE.CONFIANCE	BETROUWBAARHEID	KONFIDENZ	INTERVALO.CONFIANZA	INT.CONFIANÇA	ДОВЕРИТ	KONFIDENS	CONFIDENZA	KONFIDENSINTERVAL	UFNOŚĆ	LUOTTAMUSVÄLI	KONFIDENS	CONFIDENCE	MEGBÍZHATÓSÁG	GÜVENİRLİK
CONFIDENCE.NORM	INTERVALLE.CONFIANCE.NORMAL	BETROUWBAARHEID.NORM	KONFIDENZ.NORM	INTERVALO.CONFIANZA.NORM	INT.CONFIANÇA.NORM	ДОВЕРИТ.НОРМ	KONFIDENS.NORM	CONFIDENZA.NORM	KONFIDENS.NORM	UFNOŚĆ.NORM	LUOTTAMUSVÄLI.NORM	KONFIDENS.NORM	CONFIDENCE.NORM	MEGBÍZHATÓSÁG.NORM	GÜVENİLİRLİK.NORM
CONFIDENCE.T	INTERVALLE.CONFIANCE.STUDENT	BETROUWBAARHEID.T	KONFIDENZ.T	INTERVALO.CONFIANZA.T	INT.CONFIANÇA.T	ДОВЕРИТ.СТЬЮДЕНТ	KONFIDENS.T	CONFIDENZA.T	KONFIDENST	UFNOŚĆ.T	LUOTTAMUSVÄLI.T	KONFIDENS.T	CONFIDENCE.T	MEGBÍZHATÓSÁG.T	GÜVENİLİRLİK.T
CONVERT	CONVERT	CONVERTEREN	UMWANDELN	CONVERTIR	CONVERTER	ПРЕОБР	KONVERTERA	CONVERTI	KONVERTER	KONWERTUJ	MUUNNA	KONVERTER	CONVERT	KONVERTÁLÁS	ÇEVİR
CORREL	COEFFICIENT.CORRELATION	CORRELATIE	KORREL	COEF.DE.CORREL	CORREL	КОРРЕЛ	KORREL	CORRELAZIONE	KORRELATION	WSP.KORELACJI	KORRELAATIO	KORRELASJON	CORREL	KORREL	KORELASYON
COS	COS	COS	COS	COS	COS	COS	COS	COS	COS	COS	COS	COS	COS	COS	COS
COSH	COSH	COSH	COSHYP	COSH	COSH	COSH	COSH	COSH	COSH	COSH	COSH	COSH	COSH	COSH	COSH
COT	COT	COT	COT	COT	COT	COT	COT	COT	COT	COT	COT	COT	COT	COT	COT
COTH	COTH	COTH	COTHYP	COTH	COTH	COTH	COTH	COTH	COTH	COTH	COTH	COTH	COTH	COTH	COTH
COUNT	NB	AANTAL	ANZAHL	CONTAR	CONTAR	СЧЁТ	ANTAL	CONTA.NUMERI	TÆL	ILE.LICZB	LASKE	ANTALL	POČET	DARAB	BAĞ_DEĞ_SAY
COUNTA	NBVAL	AANTALARG	ANZAHL2	CONTARA	CONTAR.VAL	СЧЁТЗ	ANTALV	CONTA.VALORI	TÆLV	ILE.NIEPUSTYCH	LASKE.A	ANTALLA	POČET2	DARAB2	BAĞ_DEĞ_DOLU_SAY
COUNTBLANK	NB.VIDE	AANTAL.LEGE.CELLEN	ANZAHLLEEREZELLEN	CONTAR.BLANCO	CONTAR.VAZIO	СЧИТАТЬПУСТОТЫ	ANTAL.TOMMA	CONTA.VUOTE	ANTAL.BLANKE	LICZ.PUSTE	LASKE.TYHJÄT	TELLBLANKE	COUNTBLANK	DARABÜRES	BOŞLUKSAY
COUNTIF	NB.SI	AANTAL.ALS	ZÄHLENWENN	CONTAR.SI	CONTAR.SE	СЧЁТЕСЛИ	ANTAL.OM	CONTA.SE	TÆL.HVIS	LICZ.JEŻELI	LASKE.JOS	ANTALL.HVIS	COUNTIF	DARABTELI	EĞERSAY
COUNTIFS	NB.SI.ENS	AANTALLEN.ALS	ZÄHLENWENNS	CONTAR.SI.CONJUNTO	CONTAR.SE.S	СЧЁТЕСЛИМН	ANTAL.OMF	CONTA.PIÙ.SE	TÆL.HVISER	LICZ.WARUNKI	LASKE.JOS.JOUKKO	ANTALL.HVIS.SETT	COUNTIFS	DARABHATÖBB	ÇOKEĞERSAY
COUPDAYBS	NB.JOURS.COUPON.PREC	COUP.DAGEN.BB	ZINSTERMTAGVA	CUPON.DIAS.L1	CUPDIASINLIQ	ДНЕЙКУПОНДО	KUPDAGBB	GIORNI.CED.INIZ.LIQ	KUPONDAGE.SA	WYPŁ.DNI.OD.POCZ	KORKOPÄIVÄT.ALUSTA	OBLIG.DAGER.FF	COUPDAYBS	SZELVÉNYIDŐ.KEZDETTŐL	KUPONGÜNBD
COUPDAYS	NB.JOURS.COUPONS	COUP.DAGEN	ZINSTERMTAGE	CUPON.DIAS	CUPDIAS	ДНЕЙКУПОН	KUPDAGB	GIORNI.CED	KUPONDAGE.A	WYPŁ.DNI	KORKOPÄIVÄT	OBLIG.DAGER	COUPDAYS	SZELVÉNYIDŐ	KUPONGÜN
COUPDAYSNC	NB.JOURS.COUPON.SUIV	COUP.DAGEN.VV	ZINSTERMTAGNZ	CUPON.DIAS.L2	CUPDIASPRÓX	ДНЕЙКУПОНПОСЛЕ	KUPDAGNK	GIORNI.CED.NUOVA	KUPONDAGE.ANK	WYPŁ.DNI.NAST	KORKOPÄIVÄT.SEURAAVA	OBLIG.DAGER.NF	COUPDAYSNC	SZELVÉNYIDŐ.KIFIZETÉSTŐL	KUPONGÜNDSK
COUPNCD	DATE.COUPON.SUIV	COUP.DATUM.NB	ZINSTERMNZ	CUPON.FECHA.L2	CUPDATAPRÓX	ДАТАКУПОНПОСЛЕ	KUPNKD	DATA.CED.SUCC	KUPONDAG.NÆSTE	WYPŁ.DATA.NAST	KORKOPÄIVÄ.SEURAAVA	OBLIG.DAGER.EF	COUPNCD	ELSŐ.SZELVÉNYDÁTUM	KUPONGÜNSKT
COUPNUM	NB.COUPONS	COUP.AANTAL	ZINSTERMZAHL	CUPON.NUM	CUPNÚM	ЧИСЛКУПОН	KUPANT	NUM.CED	KUPONBETALINGER	WYPŁ.LICZBA	KORKOPÄIVÄ.JAKSOT	OBLIG.ANTALL	COUPNUM	SZELVÉNYSZÁM	KUPONSAYI
COUPPCD	DATE.COUPON.PREC	COUP.DATUM.VB	ZINSTERMVZ	CUPON.FECHA.L1	CUPDATAANT	ДАТАКУПОНДО	KUPFKD	DATA.CED.PREC	KUPONDAG.FORRIGE	WYPŁ.DATA.POPRZ	KORKOPÄIVÄ.EDELLINEN	OBLIG.DAG.FORRIGE	COUPPCD	UTOLSÓ.SZELVÉNYDÁTUM	KUPONGÜNÖKT
COVAR	COVARIANCE	COVARIANTIE	KOVAR	COVAR	COVAR	КОВАР	KOVAR	COVARIANZA	KOVARIANS	KOWARIANCJA	KOVARIANSSI	KOVARIANS	COVAR	KOVAR	KOVARYANS
COVARIANCE.P	COVARIANCE.PEARSON	COVARIANTIE.P	KOVARIANZ.P	COVARIANZA.P	COVARIÂNCIA.P	КОВАРИАЦИЯ.Г	KOVARIANS.P	COVARIANZA.P	KOVARIANS.P	KOWARIANCJA.POPUL	KOVARIANSSI.P	KOVARIANS.P	COVARIANCE.P	KOVARIANCIA.S	KOVARYANS.P
COVARIANCE.S	COVARIANCE.STANDARD	COVARIANTIE.S	KOVARIANZ.S	COVARIANZA.M	COVARIÂNCIA.S	КОВАРИАЦИЯ.В	KOVARIANS.S	COVARIANZA.C	KOVARIANS.S	KOWARIANCJA.PRÓBKI	KOVARIANSSI.S	KOVARIANS.S	COVARIANCE.S	KOVARIANCIA.M	KOVARYANS.S
CRITBINOM	CRITERE.LOI.BINOMIALE	CRIT.BINOM	KRITBINOM	BINOM.CRIT	CRIT.BINOM	КРИТБИНОМ	KRITBINOM	CRIT.BINOM	KRITBINOM	PRÓG.ROZKŁAD.DWUM	BINOMIJAKAUMA.KRIT	GRENSE.BINOM	CRITBINOM	KRITBINOM	KRİTİKBİNOM
CSC	CSC	COSEC	COSEC	CSC	CSC	CSC	CSK	CSC	CSC	CSC	KOSEK	CSC	CSC	CSC	CSC
CSCH	CSCH	COSECH	COSECHYP	CSCH	CSCH	CSCH	CSKH	CSCH	CSCH	CSCH	KOSEKH	CSCH	CSCH	CSCH	CSCH
CUBEKPIMEMBER	MEMBREKPICUBE	KUBUSKPILID	CUBEKPIELEMENT	MIEMBROKPICUBO	MEMBROKPICUBO	КУБЭЛЕМЕНТКИП	KUBKPIMEDLEM	MEMBRO.KPI.CUBO	KUBE.KPI.MEDLEM	ELEMENT.KPI.MODUŁU	KUUTIOKPIJÄSEN	KUBEKPIMEDLEM	CUBEKPIMEMBER	KOCKA.FŐTELJMUT	KÜPKPIÜYESİ
CUBEMEMBER	MEMBRECUBE	KUBUSLID	CUBEELEMENT	MIEMBROCUBO	MEMBROCUBO	КУБЭЛЕМЕНТ	KUBMEDLEM	MEMBRO.CUBO	KUBEMEDLEM	ELEMENT.MODUŁU	KUUTIONJÄSEN	KUBEMEDLEM	CUBEMEMBER	KOCKA.TAG	KÜPÜYESİ
CUBEMEMBERPROPERTY	PROPRIETEMEMBRECUBE	KUBUSLIDEIGENSCHAP	CUBEELEMENTEIGENSCHAFT	PROPIEDADMIEMBROCUBO	PROPRIEDADEMEMBROCUBO	КУБПОРЭЛЕМЕНТ	KUBMEDLEMSEGENSKAP	PROPRIETÀ.MEMBRO.CUBO	KUBEMEDLEM.EGENSKAB	WŁAŚCIWOŚĆ.ELEMENTU.MODUŁU	KUUTIONJÄSENENOMINAISUUS	KUBEMEDLEMEGENSKAP	CUBEMEMBERPROPERTY	KOCKA.TAG.TUL	KÜPÜYEÖZELLİĞİ
CUBERANKEDMEMBER	RANGMEMBRECUBE	KUBUSGERANGSCHIKTLID	CUBERANGELEMENT	MIEMBRORANGOCUBO	MEMBROCLASSIFICADOCUBO	КУБПОРЭЛЕМЕНТ	KUBRANGORDNADMEDLEM	MEMBRO.CUBO.CON.RANGO	KUBERANGERET.MEDLEM	USZEREGOWANY.ELEMENT.MODUŁU	KUUTIONLUOKITELTUJÄSEN	KUBERANGERTMEDLEM	CUBERANKEDMEMBER	KOCKA.HALM.ELEM	DERECELİKÜPÜYESİ
CUBESET	JEUCUBE	KUBUSSET	CUBEMENGE	CONJUNTOCUBO	CONJUNTOCUBO	КУБМНОЖ	KUBUPPSÄTTNING	SET.CUBO	KUBESÆT	ZESTAW.MODUŁÓW	KUUTIOJOUKKO	KUBESETT	CUBESET	KOCKA.HALM	KÜPKÜMESİ
CUBESETCOUNT	NBJEUCUBE	KUBUSSETAANTAL	CUBEMENGENANZAHL	RECUENTOCONJUNTOCUBO	CONTARCONJUNTOCUBO	КУБЧИСЛОЭЛМНОЖ	KUBUPPSÄTTNINGANTAL	CONTA.SET.CUBO	KUBESÆT.ANTAL	LICZNIK.MODUŁÓW.ZESTAWU	KUUTIOJOUKKOJENMÄÄRÄ	KUBESETTANTALL	CUBESETCOUNT	KOCKA.HALM.DB	KÜPKÜMESAYISI
CUBEVALUE	VALEURCUBE	KUBUSWAARDE	CUBEWERT	VALORCUBO	VALORCUBO	КУБЗНАЧЕНИЕ	KUBVÄRDE	VALORE.CUBO	KUBEVÆRDI	WARTOŚĆ.MODUŁU	KUUTIONARVO	KUBEVERDI	CUBEVALUE	KOCKA.ÉRTÉK	KÜPDEĞERİ
CUMIPMT	CUMUL.INTER	CUM.RENTE	KUMZINSZ	PAGO.INT.ENTRE	PGTOJURACUM	ОБЩПЛАТ	KUMRÄNTA	INT.CUMUL	AKKUM.RENTE	SPŁAC.ODS	MAKSETTU.KORKO	SAMLET.RENTE	CUMIPMT	ÖSSZES.KAMAT	TOPÖDENENFAİZ
CUMPRINC	CUMUL.PRINCPER	CUM.HOOFDSOM	KUMKAPITAL	PAGO.PRINC.ENTRE	PGTOCAPACUM	ОБЩДОХОД	KUMPRIS	CAP.CUM	AKKUM.HOVEDSTOL	SPŁAC.KAPIT	MAKSETTU.LYHENNYS	SAMLET.HOVEDSTOL	CUMPRINC	ÖSSZES.TŐKERÉSZ	TOPANAPARA
DATE	DATE	DATUM	DATUM	FECHA	DATA	ДАТА	DATUM	DATA	DATO	DATA	PÄIVÄYS	DATO	DATUM	DÁTUM	TARİH
DATEVALUE	DATEVAL	DATUMWAARDE	DATWERT	FECHANUMERO	DATA.VALOR	ДАТАЗНАЧ	DATUMVÄRDE	DATA.VALORE	DATOVÆRDI	DATA.WARTOŚĆ	PÄIVÄYSARVO	DATOVERDI	DATUMHODN	DÁTUMÉRTÉK	TARİHSAYISI
DAVERAGE	BDMOYENNE	DBGEMIDDELDE	DBMITTELWERT	BDPROMEDIO	BDMÉDIA	ДСРЗНАЧ	DMEDEL	DB.MEDIA	DMIDDEL	BD.ŚREDNIA	TKESKIARVO	DGJENNOMSNITT	DPRŮMĚR	AB.ÁTLAG	VSEÇORT
DAY	JOUR	DAG	TAG	DIA	DIA	ДЕНЬ	DAG	GIORNO	DAG	DZIEŃ	PÄIVÄ	DAG	DEN	NAP	GÜN
DAYS	JOURS	DAGEN	TAGE	DIAS	DIAS	ДНЕЙ	DAGAR	GIORNI	DAGE	DNI	PÄIVÄT	DAGER	DNY	NAPOK	GÜN
DAYS360	JOURS360	DAGEN360	TAGE360	DIAS360	DIAS360	ДНЕЙ360	DAGAR360	GIORNO360	DAGE360	DNI.360	PÄIVÄT360	DAGER360	ROK360	NAP360	GÜN360
DB	DB	DB	GDA2	DB	BD	ФУО	DB	AMMORT.FISSO	DB	DB	DB	DAVSKR	ODPIS.ZRYCH	KCS2	AZALANBAKİYE
DBCS	DBCS	DBCS	JIS	DBCS	DBCS	DBCS	DBCS	ORDINAMENTO.DBCS	DBCS	DBCS	DBCS	DBCS	DBCS	KBKK	DBCS
DCOUNT	BDNB	DBAANTAL	DBANZAHL	BDCONTAR	BDCONTAR	БСЧЁТ	DANTAL	DB.CONTA.NUMERI	DTÆL	BD.ILE.REKORDÓW	TLASKE	DANTALL	DPOČET	AB.DARAB	VSEÇSAY
DCOUNTA	BDNBVAL	DBAANTALALC	DBANZAHL2	BDCONTARA	BDCONTAR.VAL	БСЧЁТА	DANTALV	DB.CONTA.VALORI	DTÆLV	BD.ILE.REKORDÓW.A	TLASKEA	DANTALLA	DPOČET2	AB.DARAB2	VSEÇSAYDOLU
DDB	DDB	DDB	GDA	DDB	BDD	ДДОБ	DEGAVSKR	AMMORT	DSA	DDB	DDB	DEGRAVS	ODPIS.ZRYCH2	KCSA	ÇİFTAZALANBAKİYE
DEC2BIN	DECBIN	DEC.N.BIN	DEZINBIN	DEC.A.BIN	DECABIN	ДЕС.В.ДВ	DEC.TILL.BIN	DECIMALE.BINARIO	DEC.TIL.BIN	DZIES.NA.DWÓJK	DESBIN	DESTILBIN	DEC2BIN	DEC.BIN	DEC2BIN
DEC2HEX	DECHEX	DEC.N.HEX	DEZINHEX	DEC.A.HEX	DECAHEX	ДЕС.В.ШЕСТН	DEC.TILL.HEX	DECIMALE.HEX	DEC.TIL.HEX	DZIES.NA.SZESN	DESHEKSA	DESTILHEKS	DEC2HEX	DEC.HEX	DEC2HEX
DEC2OCT	DECOCT	DEC.N.OCT	DEZINOKT	DEC.A.OCT	DECAOCT	ДЕС.В.ВОСЬМ	DEC.TILL.OKT	DECIMALE.OCT	DEC.TIL.OKT	DZIES.NA.ÓSM	DESOKT	DESTILOKT	DEC2OCT	DEC.OKT	DEC2OCT
DECIMAL	DECIMAL	DECIMAAL	DEZIMAL	CONV.DECIMAL	DECIMAL	ДЕС	DECIMAL	DECIMALE	DECIMAL	DZIESIĘTNA	DESIMAALI	DESIMAL	DECIMAL	TIZEDES	ONDALIK
DEGREES	DEGRES	GRADEN	GRAD	GRADOS	GRAUS	ГРАДУСЫ	GRADER	GRADI	GRADER	STOPNIE	ASTEET	GRADER	DEGREES	FOK	DERECE
DELTA	DELTA	DELTA	DELTA	DELTA	DELTA	ДЕЛЬТА	DELTA	DELTA	DELTA	CZY.RÓWNE	SAMA.ARVO	DELTA	DELTA	DELTA	DELTA
DEVSQ	SOMME.CARRES.ECARTS	DEV.KWAD	SUMQUADABW	DESVIA2	DESVQ	КВАДРОТКЛ	KVADAVV	DEV.Q	SAK	ODCH.KWADRATOWE	OIKAISTU.NELIÖSUMMA	AVVIK.KVADRERT	DEVSQ	SQ	SAPKARE
DGET	BDLIRE	DBLEZEN	DBAUSZUG	BDEXTRAER	BDOBTER	БИЗВЛЕЧЬ	DHÄMTA	DB.VALORI	DHENT	BD.POLE	TNOUDA	DHENT	DZÍSKAT	AB.MEZŐ	VAL
DISC	TAUX.ESCOMPTE	DISCONTO	DISAGIO	TASA.DESC	DESC	СКИДКА	DISK	TASSO.SCONTO	DISKONTO	STOPA.DYSK	DISKONTTOKORKO	DISKONTERT	DISC	LESZÁM	İNDİRİM
DMAX	BDMAX	DBMAX	DBMAX	BDMAX	BDMÁX	ДМАКС	DMAX	DB.MAX	DMAKS	BD.MAX	TMAKS	DSTØRST	DMAX	AB.MAX	VSEÇMAK
DMIN	BDMIN	DBMIN	DBMIN	BDMIN	BDMÍN	ДМИН	DMIN	DB.MIN	DMIN	BD.MIN	TMIN	DMIN	DMIN	AB.MIN	VSEÇMİN
DOLLAR	DEVISE	EURO	DM	MONEDA	MOEDA	РУБЛЬ	VALUTA	VALUTA	KR	KWOTA	VALUUTTA	VALUTA	KČ	FORINT	LİRA
DOLLARDE	PRIX.DEC	EURO.DE	NOTIERUNGDEZ	MONEDA.DEC	MOEDADEC	РУБЛЬ.ДЕС	DECTAL	VALUTA.DEC	KR.DECIMAL	CENA.DZIES	VALUUTTA.DES	DOLLARDE	DOLLARDE	FORINT.DEC	LİRAON
DOLLARFR	PRIX.FRAC	EURO.BR	NOTIERUNGBRU	MONEDA.FRAC	MOEDAFRA	РУБЛЬ.ДРОБЬ	BRÅK	VALUTA.FRAZ	KR.BRØK	CENA.UŁAM	VALUUTTA.MURTO	DOLLARBR	DOLLARFR	FORINT.TÖRT	LİRAKES
DPRODUCT	BDPRODUIT	DBPRODUCT	DBPRODUKT	BDPRODUCTO	BDMULTIPL	БДПРОИЗВЕД	DPRODUKT	DB.PRODOTTO	DPRODUKT	BD.ILOCZYN	TTULO	DPRODUKT	DSOUČIN	AB.SZORZAT	VSEÇÇARP
DSTDEV	BDECARTYPE	DBSTDEV	DBSTDABW	BDDESVEST	BDDESVPAD	ДСТАНДОТКЛ	DSTDAV	DB.DEV.ST	DSTDAFV	BD.ODCH.STANDARD	TKESKIHAJONTA	DSTDAV	DSMDOCH.VÝBĚR	AB.SZÓRÁS	VSEÇSTDSAPMA
DSTDEVP	BDECARTYPEP	DBSTDEVP	DBSTDABWN	BDDESVESTP	BDDESVPADP	ДСТАНДОТКЛП	DSTDAVP	DB.DEV.ST.POP	DSTDAFVP	BD.ODCH.STANDARD.POPUL	TKESKIHAJONTAP	DSTAVP	DSMODCH	AB.SZÓRÁS2	VSEÇSTDSAPMAS
DSUM	BDSOMME	DBSOM	DBSUMME	BDSUMA	BDSOMA	БДСУММ	DSUMMA	DB.SOMMA	DSUM	BD.SUMA	TSUMMA	DSUMMER	DSUMA	AB.SZUM	VSEÇTOPLA
DURATION	DUREE	DUUR	DURATION	DURACION	DURAÇÃO	ДЛИТ	LÖPTID	DURATA	VARIGHED	ROCZ.PRZYCH	KESTO	VARIGHET	DURATION	KAMATÉRZ	SÜRE
DVAR	BDVAR	DBVAR	DBVARIANZ	BDVAR	BDVAR	БДДИСП	DVARIANS	DB.VAR	DVARIANS	BD.WARIANCJA	TVARIANSSI	DVARIANS	DVAR.VÝBĚR	AB.VAR	VSEÇVAR
DVARP	BDVARP	DBVARP	DBVARIANZEN	BDVARP	BDVARP	БДДИСПП	DVARIANSP	DB.VAR.POP	DVARIANSP	BD.WARIANCJA.POPUL	TVARIANSSIP	DVARIANSP	DVAR	AB.VAR2	VSEÇVARS
EDATE	MOIS.DECALER	ZELFDE.DAG	EDATUM	FECHA.MES	DATAM	ДАТАМЕС	EDATUM	DATA.MESE	EDATO	NR.SER.DATY	PÄIVÄ.KUUKAUSI	DAG.ETTER	EDATE	KALK.DÁTUM	SERİTARİH
EFFECT	TAUX.EFFECTIF	EFFECT.RENTE	EFFEKTIV	INT.EFECTIVO	EFETIVA	ЭФФЕКТ	EFFRÄNTA	EFFETTIVO	EFFEKTIV.RENTE	EFEKTYWNA	KORKO.EFEKT	EFFEKTIV.RENTE	EFFECT	TÉNYLEGES	ETKİN
ENCODEURL	ENCODEURL	URL.CODEREN	URLCODIEREN	URLCODIF	ENCODEURL	КОДИР.URL	KODAWEBBADRESS	CODIFICA.URL	KODNINGSURL	ENCODEURL	URLKOODAUS	ENCODEURL	ENCODEURL	URL.KÓDOL	ENCODEURL
EOMONTH	FIN.MOIS	LAATSTE.DAG	MONATSENDE	FIN.MES	FIMMÊS	КОНМЕСЯЦА	SLUTMÅNAD	FINE.MESE	SLUT.PÅ.MÅNED	NR.SER.OST.DN.MIES	KUUKAUSI.LOPPU	MÅNEDSSLUTT	EOMONTH	HÓNAP.UTOLSÓ.NAP	SERİAY
ERF	ERF	FOUTFUNCTIE	GAUSSFEHLER	FUN.ERROR	FUNCERRO	ФОШ	FELF	FUNZ.ERRORE	FEJLFUNK	FUNKCJA.BŁ	VIRHEFUNKTIO	FEILF	ERF	HIBAF	HATAİŞLEV
ERF.PRECISE	ERF.PRECIS	FOUTFUNCTIE.NAUWKEURIG	GAUSSF.GENAU	FUN.ERROR.EXACTO	FUNCERRO.PRECISO	ФОШ.ТОЧН	FELF.EXAKT	FUNZ.ERRORE.PRECISA	ERF.PRECISE	FUNKCJA.BŁ.DOKŁ	VIRHEFUNKTIO.TARKKA	FEILF.PRESIS	ERF.PRECISE	HIBAF.PONTOS	HATAİŞLEV.DUYARLI
ERFC	ERFC	FOUT.COMPLEMENT	GAUSSFKOMPL	FUN.ERROR.COMPL	FUNCERROCOMPL	ДФОШ	FELFK	FUNZ.ERRORE.COMP	FEJLFUNK.KOMP	KOMP.FUNKCJA.BŁ	VIRHEFUNKTIO.KOMPLEMENTTI	FEILFK	ERFC	HIBAF.KOMPLEMENTER	TÜMHATAİŞLEV
ERFC.PRECISE	ERFC.PRECIS	FOUT.COMPLEMENT.NAUWKEURIG	GAUSSFKOMPL.GENAU	FUN.ERROR.COMPL.EXACTO	FUNCERROCOMPL.PRECISO	ДФОШ.ТОЧН	FELFK.EXAKT	FUNZ.ERRORE.COMP.PRECISA	ERFC.PRECISE	KOMP.FUNKCJA.BŁ.DOKŁ	VIRHEFUNKTIO.KOMPLEMENTTI.TARKKA	FEILFK.PRESIS	ERFC.PRECISE	HIBAFKOMPLEMENTER.PONTOS	TÜMHATAİŞLEV.DUYARLI
ERROR.TYPE	TYPE.ERREUR	TYPE.FOUT	FEHLER.TYP	TIPO.DE.ERROR	TIPO.ERRO	ТИП.ОШИБКИ	FEL.TYP	ERRORE.TIPO	FEJLTYPE	NR.BŁĘDU	VIRHEEN.LAJI	FEIL.TYPE	CHYBA.TYP	HIBA.TÍPUS	HATA.TİPİ
EUROCONVERT	EUROCONVERT	EUROCONVERT	EUROCONVERT	EUROCONVERT	EUROCONVERT	ПЕРЕСЧЕТЕВРО	EUROCONVERT	EUROCONVERT	EUROCONVERT	EUROCONVERT	EUROCONVERT	EUROKONVERTERING	EUROCONVERT	EUROCONVERT	EUROCONVERT
EVEN	PAIR	EVEN	GERADE	REDONDEA.PAR	PAR	ЧЁТН	JÄMN	PARI	LIGE	ZAOKR.DO.PARZ	PARILLINEN	AVRUND.TIL.PARTALL	ZAOKROUHLIT.NA.SUDÉ	PÁROS	ÇİFT
EXACT	EXACT	GELIJK	IDENTISCH	IGUAL	EXATO	СОВПАД	EXAKT	IDENTICO	EKSAKT	PORÓWNAJ	VERTAA	EKSAKT	STEJNÉ	AZONOS	ÖZDEŞ
EXP	EXP	EXP	EXP	EXP	EXP	EXP	EXP	EXP	EKSP	EXP	EKSPONENTTI	EKSP	EXP	KITEVŐ	ÜS
EXPON.DIST	LOI.EXPONENTIELLE.N	T.VERD	EXPON.VERT	DISTR.EXP.N	DIST.EXPON	ЭКСП.РАСП	EXPON.FÖRD	DISTRIB.EXP.N	EKSP.FORDELING	ROZKŁ.EXP	EKSPONENTIAALI.JAKAUMA	EKSP.FORDELING	EXPON.DIST	EXP.ELOSZL	ÜSTEL.DAĞ
EXPONDIST	LOI.EXPONENTIELLE	EXPON.VERD	EXPONVERT	DISTR.EXP	DISTEXPON	ЭКСПРАСП	EXPONFÖRD	DISTRIB.EXP	EKSPFORDELING	ROZKŁAD.EXP	EKSPONENTIAALIJAKAUMA	EKSP.FORDELING	EXPONDIST	EXP.ELOSZLÁS	ÜSTELDAĞ
F.DIST	LOI.F.N	F.VERD	F.VERT	DISTR.F.RT	DIST.F	F.РАСП	F.FÖRD	DISTRIBF	F.FORDELING	ROZKŁ.F	F.JAKAUMA	F.FORDELING	F.DIST	F.ELOSZL	F.DAĞ
F.DIST.RT	LOI.F.DROITE	F.VERD.RECHTS	F.VERT.RE	DISTR.F.CD	DIST.F.DIR	F.РАСП.ПХ	F.FÖRD.RT	DISTRIB.F.DS	F.FORDELING.RT	ROZKŁ.F.PS	F.JAKAUMA.OH	F.FORDELING.H	F.DIST.RT	F.ELOSZLÁS.JOBB	F.DAĞ.SAĞK
F.INV	INVERSE.LOI.F.N	F.INV	F.INV	INV.F	INV.F	FРАСПОБР	F.INV	INVF	F.INV	ROZKŁ.F.ODWR	F.KÄÄNT	F.INV	F.INV	F.INVERZ	F.TERS
F.INV.RT	INVERSE.LOI.F.DROITE	F.INV.RECHTS	F.INV.RE	INV.F.CD	INV.F.DIR	F.ОБР.ПХ	F.INV.RT	INV.F.DS	F.INV.RT	ROZKŁ.F.ODWR.PS	F.KÄÄNT.OH	F.INV.H	F.INV.RT	F.INVERZ.JOBB	F.TERS.SAĞK
F.TEST	F.TEST	F.TOETS	F.TEST	PRUEBA.F.N	TESTE.F	ФТЕСТ	F.TEST	TESTF	F.TEST	F.TEST	F.TESTI	F.TEST	F.TEST	F.PRÓB	F.TEST
FACT	FACT	FACULTEIT	FAKULTÄT	FACT	FATORIAL	ФАКТР	FAKULTET	FATTORIALE	FAKULTET	SILNIA	KERTOMA	FAKULTET	FAKTORIÁL	FAKT	ÇARPINIM
FACTDOUBLE	FACTDOUBLE	DUBBELE.FACULTEIT	ZWEIFAKULTÄT	FACT.DOBLE	FATDUPLO	ДВФАКТР	DUBBELFAKULTET	FATT.DOPPIO	DOBBELT.FAKULTET	SILNIA.DWUKR	KERTOMA.OSA	DOBBELFAKT	FACTDOUBLE	FAKTDUPLA	ÇİFTFAKTÖR
FALSE	FAUX	ONWAAR	FALSCH	FALSO	FALSO	ЛОЖЬ	FALSKT	FALSO	FALSK	FAŁSZ	EPÄTOSI	USANN	NEPRAVDA	HAMIS	YANLIŞ
FDIST	LOI.F	F.VERDELING	FVERT	DISTR.F	DISTF	FРАСП	FFÖRD	DISTRIB.F	FFORDELING	ROZKŁAD.F	FJAKAUMA	FFORDELING	FDIST	F.ELOSZLÁS	FDAĞ
FILTERXML	FILTRE.XML	XML.FILTEREN	XMLFILTERN	XMLFILTRO	FILTRARXML	ФИЛЬТР.XML	FILTRERAXML	FILTRO.XML	FILTRERXML	FILTERXML	SUODATA.XML	FILTRERXML	FILTERXML	XMLSZŰRÉS	FILTERXML
FIND, FINDB	TROUVE, TROUVERB	VIND, VIND.ALLES.B	FINDEN, FINDENB	ENCONTRAR, ENCONTRARB	LOCALIZAR, LOCALIZARB	НАЙТИ, НАЙТИБ	HITTA, HITTAB	TROVA, TROVA.B	FIND, FINDB	ZNAJDŹ, ZNAJDŹB	ETSI, ETSIB	FINN, FINNB	NAJÍT, FINDB	SZÖVEG.TALÁL, SZÖVEG.TALÁL2	BUL, BULB
FINV	INVERSE.LOI.F	F.INVERSE	FINV	DISTR.F.INV	INVF	FРАСПОБР	FINV	INV.F	FINV	ROZKŁAD.F.ODW	FJAKAUMA.KÄÄNT	FFORDELING.INVERS	FINV	INVERZ.F	FTERS
FISHER	FISHER	FISHER	FISHER	FISHER	FISHER	ФИШЕР	FISHER	FISHER	FISHER	ROZKŁAD.FISHER	FISHER	FISHER	FISHER	FISHER	FISHER
FISHERINV	FISHER.INVERSE	FISHER.INV	FISHERINV	PRUEBA.FISHER.INV	FISHERINV	ФИШЕРОБР	FISHERINV	INV.FISHER	FISHERINV	ROZKŁAD.FISHER.ODW	FISHER.KÄÄNT	FISHERINV	FISHERINV	INVERZ.FISHER	FISHERTERS
FIXED	CTXT	VAST	FEST	CONV.DECIMAL	FIXA	ФИКСИРОВАННЫЙ	FASTTAL	FISSO	FAST	ZAOKR.DO.TEKST	KIINTEÄ	FASTSATT	ZAOKROUHLIT.NA.TEXT	FIX	SAYIDÜZENLE
FLOOR	PLANCHER	AFRONDEN.BENEDEN	UNTERGRENZE	MULTIPLO.INFERIOR	ARRED.DEFEITO	ОКРВНИЗ	RUNDA.NED	ARROTONDA.DIFETTO	AFRUND.GULV	ZAOKR.W.DÓŁ	PYÖRISTÄ.KERR.ALAS	AVRUND.GJELDENDE.MULTIPLUM.NED	ZAOKR.DOLŮ	PADLÓ	TABANAYUVARLA
FLOOR.MATH	PLANCHER.MATH	AFRONDEN.BENEDEN.WISK	UNTERGRENZE.MATHEMATIK	MULTIPLO.INFERIOR.MAT	ARRED.DEFEITO.MAT	FLOOR.MATH	RUNDA.NER.MATEMATISKT	ARROTONDA.DIFETTO.MAT	AFRUND.BUND.MAT	ZAOKR.W.DÓŁ.MATEMATYCZNE	PYÖRISTÄ.KERR.ALAS.MATEMAATTINEN	AVRUND.GJELDENDE.MULTIPLUM.NED.MATEMATISK	FLOOR.MATH	PADLÓ.MAT	TABANAYUVARLA.MATEMATİK
FLOOR.PRECISE	PLANCHER.PRECIS	AFRONDEN.BENEDEN.NAUWKEURIG	UNTERGRENZE.GENAU	MULTIPLO.INFERIOR.EXACTO	ARRED.DEFEITO.PRECISO	ОКРВНИЗ.ТОЧН	RUNDA.NER.EXAKT	ARROTONDA.DIFETTO.PRECISA	AFRUND.GULV.PRECISE	ZAOKR.W.DÓŁ.DOKŁ	PYÖRISTÄ.KERR.ALAS.TARKKA	AVRUND.GJELDENDE.MULTIPLUM.NED.PRESIS	FLOOR.PRECISE	PADLÓ.PONTOS	FLOOR.PRECISE
FORECAST	PREVISION	VOORSPELLEN	PROGNOSE	PRONOSTICO	PREVISÃO	ПРЕДСКАЗ	PREDIKTION	PREVISIONE	PROGNOSE	REGLINX	ENNUSTE	PROGNOSE	FORECAST	ELŐREJELZÉS	TAHMİN
FORMULATEXT	FORMULATEXT	FORMULETEKST	FORMELTEXT	FORMULATEXT	FÓRMULA.TEXTO	FORMULATEXT	FORMELTEXT	TESTO.FORMULA	FORMELTEKST	FORMUŁA.TEKST	KAAVA.TEKSTI	FORMELTEKST	FORMULATEXT	KÉPLETSZÖVEG	FORMÜLMETNİ
FREQUENCY	FREQUENCE	INTERVAL	HÄUFIGKEIT	FRECUENCIA	FREQUÊNCIA	ЧАСТОТА	FREKVENS	FREQUENZA	FREKVENS	CZĘSTOŚĆ	TAAJUUS	FREKVENS	ČETNOSTI	GYAKORISÁG	SIKLIK
FTEST	TEST.F	F.TOETS	FTEST	PRUEBA.F	TESTEF	ФТЕСТ	FTEST	TEST.F	FTEST	TEST.F	FTESTI	FTEST	FTEST	F.PRÓBA	FTEST
FV	VC	TW	ZW	VF	VF	БС	SLUTVÄRDE	VAL.FUT	FV	FV	TULEVA.ARVO	SLUTTVERDI	BUDHODNOTA	JBÉ	GD
FVSCHEDULE	VC.PAIEMENTS	TOEK.WAARDE2	ZW2	VF.PLAN	VFPLANO	БЗРАСПИС	FÖRRÄNTNING	VAL.FUT.CAPITALE	FVTABEL	WART.PRZYSZŁ.KAP	TULEVA.ARVO.ERIKORKO	SVPLAN	FVSCHEDULE	KJÉ	GDPROGRAM
GAMMA	GAMMA	GAMMA	GAMMA	GAMMA	GAMA	ГАММА	GAMMA	GAMMA	GAMMA	GAMMA	GAMMA	GAMMA	GAMMA	GAMMA	GAMA
GAMMA.DIST	LOI.GAMMA.N	GAMMA.VERD	GAMMA.VERT	DISTR.GAMMA.N	DIST.GAMA	ГАММА.РАСП	GAMMA.FÖRD	DISTRIB.GAMMA.N	GAMMA.FORDELING	ROZKŁ.GAMMA	GAMMA.JAKAUMA	GAMMA.FORDELING	GAMMA.DIST	GAMMA.ELOSZL	GAMA.DAĞ
GAMMA.INV	LOI.GAMMA.INVERSE.N	GAMMA.INV	GAMMA.INV	INV.GAMMA	INV.GAMA	ГАММА.ОБР	GAMMA.INV	INV.GAMMA.N	GAMMA.INV	ROZKŁ.GAMMA.ODWR	GAMMA.JAKAUMA.KÄÄNT	GAMMA.INV	GAMMA.INV	GAMMA.INVERZ	GAMA.TERS
GAMMADIST	LOI.GAMMA	GAMMA.VERD	GAMMAVERT	DISTR.GAMMA	DISTGAMA	ГАММАРАСП	GAMMAFÖRD	DISTRIB.GAMMA	GAMMAFORDELING	ROZKŁAD.GAMMA	GAMMAJAKAUMA	GAMMAFORDELING	GAMMADIST	GAMMA.ELOSZLÁS	GAMADAĞ
GAMMAINV	LOI.GAMMA.INVERSE	GAMMA.INV	GAMMAINV	DISTR.GAMMA.INV	INVGAMA	ГАММАОБР	GAMMAINV	INV.GAMMA	GAMMAINV	ROZKŁAD.GAMMA.ODW	GAMMAJAKAUMA.KÄÄNT	GAMMAINV	GAMMAINV	INVERZ.GAMMA	GAMATERS
GAMMALN	LNGAMMA	GAMMA.LN	GAMMALN	GAMMA.LN	LNGAMA	ГАММАНЛОГ	GAMMALN	LN.GAMMA	GAMMALN	ROZKŁAD.LIN.GAMMA	GAMMALN	GAMMALN	GAMMALN	GAMMALN	GAMALN
GAMMALN.PRECISE	LNGAMMA.PRECIS	GAMMA.LN.NAUWKEURIG	GAMMALN.GENAU	GAMMA.LN.EXACTO	LNGAMA.PRECISO	ГАММАНЛОГ.ТОЧН	GAMMALN.EXAKT	LN.GAMMA.PRECISO	GAMMALN.PRECISE	ROZKŁAD.LIN.GAMMA.DOKŁ	GAMMALN.TARKKA	GAMMALN.PRESIS	GAMMALN.PRECISE	GAMMALN.PONTOS	GAMMALN.PRECISE
GAUSS	GAUSS	GAUSS	GAUSS	GAUSS	GAUSS	ГАУСС	GAUSS	GAUSS	GAUSS	GAUSS	GAUSS	GAUSS	GAUSS	GAUSS	GAUSS
GCD	PGCD	GGD	GGT	M.C.D	MDC	НОД	SGD	MCD	STØRSTE.FÆLLES.DIVISOR	NAJW.WSP.DZIEL	SUURIN.YHT.TEKIJÄ	SFF	GCD	LKO	OBEB
GEOMEAN	MOYENNE.GEOMETRIQUE	MEETK.GEM	GEOMITTEL	MEDIA.GEOM	MÉDIA.GEOMÉTRICA	СРГЕОМ	GEOMEDEL	MEDIA.GEOMETRICA	GEOMIDDELVÆRDI	ŚREDNIA.GEOMETRYCZNA	KESKIARVO.GEOM	GJENNOMSNITT.GEOMETRISK	GEOMEAN	MÉRTANI.KÖZÉP	GEOORT
GESTEP	SUP.SEUIL	GROTER.DAN	GGANZZAHL	MAYOR.O.IGUAL	DEGRAU	ПОРОГ	SLSTEG	SOGLIA	GETRIN	SPRAWDŹ.PRÓG	RAJA	GRENSEVERDI	GESTEP	KÜSZÖBNÉL.NAGYOBB	BESINIR
GETPIVOTDATA	LIREDONNEESTABCROISDYNAMIQUE	DRAAITABELOPHALEN	PIVOTDATENZUORDNEN	IMPORTARDATOSDINAMICOS	OBTERDADOSDIN	ПОЛУЧИТЬ.ДАННЫЕ.СВОДНОЙ.ТАБЛИЦЫ	HÄMTA.PIVOTDATA	INFO.DATI.TAB.PIVOT	GETPIVOTDATA	WEŹDANETABELI	NOUDA.PIVOT.TIEDOT	HENTPIVOTDATA	ZÍSKATKONTDATA	KIMUTATÁSADATOT.VESZ	ÖZETVERİAL
GROWTH	CROISSANCE	GROEI	VARIATION	CRECIMIENTO	CRESCIMENTO	РОСТ	EXPTREND	CRESCITA	FORØGELSE	REGEXPW	KASVU	VEKST	LOGLINTREND	NÖV	BÜYÜME
HARMEAN	MOYENNE.HARMONIQUE	HARM.GEM	HARMITTEL	MEDIA.ARMO	MÉDIA.HARMÓNICA	СРГАРМ	HARMMEDEL	MEDIA.ARMONICA	HARMIDDELVÆRDI	ŚREDNIA.HARMONICZNA	KESKIARVO.HARM	GJENNOMSNITT.HARMONISK	HARMEAN	HARM.KÖZÉP	HARORT
HEX2BIN	HEXBIN	HEX.N.BIN	HEXINBIN	HEX.A.BIN	HEXABIN	ШЕСТН.В.ДВ	HEX.TILL.BIN	HEX.BINARIO	HEX.TIL.BIN	SZESN.NA.DWÓJK	HEKSABIN	HEKSTILBIN	HEX2BIN	HEX.BIN	HEX2BIN
HEX2DEC	HEXDEC	HEX.N.DEC	HEXINDEZ	HEX.A.DEC	HEXADEC	ШЕСТН.В.ДЕС	HEX.TILL.DEC	HEX.DECIMALE	HEX.TIL.DEC	SZESN.NA.DZIES	HEKSADES	HEKSTILDES	HEX2DEC	HEX.DEC	HEX2DEC
HEX2OCT	HEXOCT	HEX.N.OCT	HEXINOKT	HEX.A.OCT	HEXAOCT	ШЕСТН.В.ВОСЬМ	HEX.TILL.OKT	HEX.OCT	HEX.TIL.OKT	SZESN.NA.ÓSM	HEKSAOKT	HEKSTILOKT	HEX2OCT	HEX.OKT	HEX2OCT
HLOOKUP	RECHERCHEH	HORIZ.ZOEKEN	WVERWEIS	BUSCARH	PROCH	ГПР	LETAKOLUMN	CERCA.ORIZZ	VOPSLAG	WYSZUKAJ.POZIOMO	VHAKU	FINN.KOLONNE	VVYHLEDAT	VKERES	YATAYARA
HOUR	HEURE	UUR	STUNDE	HORA	HORA	ЧАС	TIMME	ORA	TIME	GODZINA	TUNNIT	TIME	HODINA	ÓRA	SAAT
HYPERLINK	LIEN_HYPERTEXTE	HYPERLINK	HYPERLINK	HIPERVINCULO	HIPERLIGAÇÃO	ГИПЕРССЫЛКА	HYPERLÄNK	COLLEG.IPERTESTUALE	HYPERLINK	HIPERŁĄCZE	HYPERLINKKI	HYPERKOBLING	HYPERTEXTOVÝ.ODKAZ	HIPERHIVATKOZÁS	KÖPRÜ
HYPGEOM.DIST	LOI.HYPERGEOMETRIQUE.N	HYPGEOM.VERD	HYPGEOM.VERT	DISTR.HIPERGEOM.N	DIST.HIPGEOM	ГИПЕРГЕОМЕТ	HYPGEOM.FÖRD	DISTRIB.IPERGEOM.N	HYPGEO.FORDELING	ROZKŁ.HIPERGEOM	HYPERGEOM_JAKAUMA	HYPGEOM.FORDELING	HYPGEOM.DIST	HIPGEOM.ELOSZLÁS	HİPERGEOM.DAĞ
HYPGEOMDIST	LOI.HYPERGEOMETRIQUE	HYPERGEO.VERD	HYPGEOMVERT	DISTR.HIPERGEOM	DIST.HIPERGEOM	ГИПЕРГЕОМЕТ	HYPGEOMFÖRD	DISTRIB.IPERGEOM	HYPGEOFORDELING	ROZKŁAD.HIPERGEOM	HYPERGEOM.JAKAUMA	HYPGEOM.FORDELING	HYPGEOMDIST	HIPERGEOM.ELOSZLÁS	HİPERGEOMDAĞ
IF	SI	ALS	WENN	SI	SE	ЕСЛИ	OM	SE	HVIS	JEŻELI	JOS	HVIS	KDYŽ	HA	EĞER
IFERROR	SIERREUR	ALS.FOUT	WENNFEHLER	SI.ERROR	SE.ERRO	ЕСЛИОШИБКА	OMFEL	SE.ERRORE	HVIS.FEJL	JEŻELI.BŁĄD	JOSVIRHE	HVISFEIL	IFERROR	HAHIBA	EĞERHATA
IFNA	SI.NON.DISP	ALS.NB	WENNNV	SI.ND	SEND	ЕСЛИНД	OMSAKNAS	SE.NON.DISP.	HVISIT	JEŻELI.ND	JOSPUUTTUU	HVIS.IT	IFNA	HAHIÁNYZIK	EĞERYOKSA
IMABS	COMPLEXE.MODULE	C.ABS	IMABS	IM.ABS	IMABS	МНИМ.ABS	IMABS	COMP.MODULO	IMAGABS	MODUŁ.LICZBY.ZESP	KOMPLEKSI.ABS	IMABS	IMABS	KÉPZ.ABSZ	SANMUTLAK
IMAGINARY	COMPLEXE.IMAGINAIRE	C.IM.DEEL	IMAGINÄRTEIL	IMAGINARIO	IMAGINÁRIO	МНИМ.ЧАСТЬ	IMAGINÄR	COMP.IMMAGINARIO	IMAGINÆR	CZ.UROJ.LICZBY.ZESP	KOMPLEKSI.IMAG	IMAGINÆR	IMAGINARY	KÉPZETES	SANAL
IMARGUMENT	COMPLEXE.ARGUMENT	C.ARGUMENT	IMARGUMENT	IM.ANGULO	IMARG	МНИМ.АРГУМЕНТ	IMARGUMENT	COMP.ARGOMENTO	IMAGARGUMENT	ARG.LICZBY.ZESP	KOMPLEKSI.ARG	IMARGUMENT	IMARGUMENT	KÉPZ.ARGUMENT	SANBAĞ_DEĞİŞKEN
IMCONJUGATE	COMPLEXE.CONJUGUE	C.TOEGEVOEGD	IMKONJUGIERTE	IM.CONJUGADA	IMCONJ	МНИМ.СОПРЯЖ	IMKONJUGAT	COMP.CONIUGATO	IMAGKONJUGERE	SPRZĘŻ.LICZBY.ZESP	KOMPLEKSI.KONJ	IMKONJUGERT	IMCONJUGATE	KÉPZ.KONJUGÁLT	SANEŞLENEK
IMCOS	COMPLEXE.COS	C.COS	IMCOS	IM.COS	IMCOS	МНИМ.COS	IMCOS	COMP.COS	IMAGCOS	COS.LICZBY.ZESP	KOMPLEKSI.COS	IMCOS	IMCOS	KÉPZ.COS	SANCOS
IMCOSH	COMPLEXE.COSH	C.COSH	IMCOSHYP	IM.COSH	IMCOSH	МНИМ.COSH	IMCOSH	COMP.COSH	IMAGCOSH	COSH.LICZBY.ZESP	KOMPLEKSI.COSH	IMCOSH	IMCOSH	IMCOSH	SANCOSH
IMCOT	IMCOT	C.COT	IMCOT	IMCOT	IMCOT	МНИМ.COT	IMCOT	COMP.COT	IMAGCOT	COT.LICZBY.ZESP	KOMPLEKSI.COT	IMCOT	IMCOT	KÉPZ.COT	IMCOT
IMCSC	COMPLEXE.CSC	C.COSEC	IMCOSEC	IM.CSC	IMCSC	МНИМ.CSC	IMCSC	COMP.CSC	IMAGCSC	CSC.LICZBY.ZESP	KOMPLEKSI.KOSEK	IMCSC	IMCSC	IMCSC	SANCSC
IMCSCH	COMPLEXE.CSCH	C.COSECH	IMCOSECHYP	IM.CSCH	IMCSCH	МНИМ.CSCH	IMCSCH	COMP.CSCH	IMAGCSCH	CSCH.LICZBY.ZESP	KOMPLEKSI.KOSEKH	IMCSCH	IMCSCH	KÉPZ.CSCH	SANCSCH
IMDIV	COMPLEXE.DIV	C.QUOTIENT	IMDIV	IM.DIV	IMDIV	МНИМ.ДЕЛ	IMDIV	COMP.DIV	IMAGDIV	ILORAZ.LICZB.ZESP	KOMPLEKSI.OSAM	IMDIV	IMDIV	KÉPZ.HÁNYAD	SANBÖL
IMEXP	COMPLEXE.EXP	C.EXP	IMEXP	IM.EXP	IMEXP	МНИМ.EXP	IMEUPPHÖJT	COMP.EXP	IMAGEKSP	EXP.LICZBY.ZESP	KOMPLEKSI.EKSP	IMEKSP	IMEXP	KÉPZ.EXP	SANÜS
IMLN	COMPLEXE.LN	C.LN	IMLN	IM.LN	IMLN	МНИМ.LN	IMLN	COMP.LN	IMAGLN	LN.LICZBY.ZESP	KOMPLEKSI.LN	IMLN	IMLN	KÉPZ.LN	SANLN
IMLOG10	COMPLEXE.LOG10	C.LOG10	IMLOG10	IM.LOG10	IMLOG10	МНИМ.LOG10	IMLOG10	COMP.LOG10	IMAGLOG10	LOG10.LICZBY.ZESP	KOMPLEKSI.LOG10	IMLOG10	IMLOG10	KÉPZ.LOG10	SANLOG10
IMLOG2	COMPLEXE.LOG2	C.LOG2	IMLOG2	IM.LOG2	IMLOG2	МНИМ.LOG2	IMLOG2	COMP.LOG2	IMAGLOG2	LOG2.LICZBY.ZESP	KOMPLEKSI.LOG2	IMLOG2	IMLOG2	KÉPZ.LOG2	SANLOG2
IMPOWER	COMPLEXE.PUISSANCE	C.MACHT	IMAPOTENZ	IM.POT	IMPOT	МНИМ.СТЕПЕНЬ	IMUPPHÖJT	COMP.POTENZA	IMAGPOTENS	POTĘGA.LICZBY.ZESP	KOMPLEKSI.POT	IMOPPHØY	IMPOWER	KÉPZ.HATV	SANKUVVET
IMPRODUCT	COMPLEXE.PRODUIT	C.PRODUCT	IMPRODUKT	IM.PRODUCT	IMPROD	МНИМ.ПРОИЗВЕД	IMPRODUKT	COMP.PRODOTTO	IMAGPRODUKT	ILOCZYN.LICZB.ZESP	KOMPLEKSI.TULO	IMPRODUKT	IMPRODUCT	KÉPZ.SZORZAT	SANÇARP
IMREAL	COMPLEXE.REEL	C.REEEL.DEEL	IMREALTEIL	IM.REAL	IMREAL	МНИМ.ВЕЩ	IMREAL	COMP.PARTE.REALE	IMAGREELT	CZ.RZECZ.LICZBY.ZESP	KOMPLEKSI.REAALI	IMREELL	IMREAL	KÉPZ.VALÓS	SANGERÇEK
IMSEC	COMPLEXE.SEC	C.SEC	IMSEC	IM.SEC	IMSEC	МНИМ.SEC	IMSEK	COMP.SEC	IMAGSEC	SEC.LICZBY.ZESP	KOMPLEKSI.SEK	IMSEC	IMSEC	IMSEC	SANSEC
IMSECH	COMPLEXE.SECH	C.SECH	IMSECHYP	IM.SECH	IMSECH	МНИМ.SECH	IMSEKH	COMP.SECH	IMAGSECH	SECH.LICZBY.ZESP	KOMPLEKSI.SEKH	IMSECH	IMSECH	KÉPZ.SECH	SANSECH
IMSIN	COMPLEXE.SIN	C.SIN	IMSIN	IM.SENO	IMSENO	МНИМ.SIN	IMSIN	COMP.SEN	IMAGSIN	SIN.LICZBY.ZESP	KOMPLEKSI.SIN	IMSIN	IMSIN	KÉPZ.SIN	SANSIN
IMSINH	COMPLEXE.SINH	C.SINH	IMSINHYP	IM.SENOH	IMSENOH	МНИМ.SINH	IMSINH	COMP.SENH	IMAGSINH	SINH.LICZBY.ZESP	KOMPLEKSI.SINH	IMSINH	IMSINH	KÉPZ.SINH	SANSINH
IMSQRT	COMPLEXE.RACINE	C.WORTEL	IMWURZEL	IM.RAIZ2	IMRAIZ	МНИМ.КОРЕНЬ	IMROT	COMP.RADQ	IMAGKVROD	PIERWIASTEK.LICZBY.ZESP	KOMPLEKSI.NELIÖJ	IMROT	IMSQRT	KÉPZ.GYÖK	SANKAREKÖK
IMSUB	COMPLEXE.DIFFERENCE	C.VERSCHIL	IMSUB	IM.SUSTR	IMSUBTR	МНИМ.РАЗН	IMDIFF	COMP.DIFF	IMAGSUB	RÓŻN.LICZB.ZESP	KOMPLEKSI.EROTUS	IMSUB	IMSUB	KÉPZ.KÜL	SANTOPLA
IMSUM	COMPLEXE.SOMME	C.SOM	IMSUMME	IM.SUM	IMSOMA	МНИМ.СУММ	IMSUM	COMP.SOMMA	IMAGSUM	SUMA.LICZB.ZESP	KOMPLEKSI.SUM	IMSUMMER	IMSUM	KÉPZ.ÖSSZEG	SANÇIKAR
IMTAN	IMTAN	C.TAN	IMTAN	IM.TAN	IMTAN	МНИМ.TAN	IMTAN	COMP.TAN	IMAGTAN	TAN.LICZBY.ZESP	KOMPLEKSI.TAN	IMTAN	IMTAN	KÉPZ.TAN	SANTAN
INDEX	INDEX	INDEX	INDEX	INDICE	ÍNDICE	ИНДЕКС	INDEX	INDICE	INDEKS	INDEKS	INDEKSI	INDEKS	INDEX	INDEX	İNDİS
INDIRECT	INDIRECT	INDIRECT	INDIREKT	INDIRECTO	INDIRECTO	ДВССЫЛ	INDIREKT	INDIRETTO	INDIREKTE	ADR.POŚR	EPÄSUORA	INDIREKTE	NEPŘÍMÝ.ODKAZ	INDIREKT	DOLAYLI
INFO	INFORMATIONS	INFO	INFO	INFO	INFORMAÇÃO	ИНФОРМ	INFO	INFO	INFO	INFO	KUVAUS	INFO	O.PROSTŘEDÍ	INFÓ	BİLGİ
INT	ENT	INTEGER	GANZZAHL	ENTERO	INT	ЦЕЛОЕ	HELTAL	INT	HELTAL	ZAOKR.DO.CAŁK	KOKONAISLUKU	HELTALL	CELÁ.ČÁST	INT	TAMSAYI
INTERCEPT	ORDONNEE.ORIGINE	SNIJPUNT	ACHSENABSCHNITT	INTERSECCION.EJE	INTERCETAR	ОТРЕЗОК	SKÄRNINGSPUNKT	INTERCETTA	SKÆRING	ODCIĘTA	LEIKKAUSPISTE	SKJÆRINGSPUNKT	INTERCEPT	METSZ	KESMENOKTASI
INTRATE	TAUX.INTERET	RENTEPERCENTAGE	ZINSSATZ	TASA.INT	TAXAJUROS	ИНОРМА	ÅRSRÄNTA	TASSO.INT	RENTEFOD	STOPA.PROC	KORKO.ARVOPAPERI	RENTESATS	INTRATE	KAMATRÁTA	FAİZORANI
IPMT	INTPER	IBET	ZINSZ	PAGOINT	IPGTO	ПРПЛТ	RBETALNING	INTERESSI	R.YDELSE	IPMT	IPMT	RAVDRAG	PLATBA.ÚROK	RRÉSZLET	FAİZTUTARI
IRR	TRI	IR	IKV	TIR	TIR	ВСД	IR	TIR.COST	IA	IRR	SISÄINEN.KORKO	IR	MÍRA.VÝNOSNOSTI	BMR	İÇ_VERİM_ORANI
ISBLANK	ESTVIDE	ISLEEG	ISTLEER	ESBLANCO	É.CÉL.VAZIA	ЕПУСТО	ÄRTOM	VAL.VUOTO	ER.TOM	CZY.PUSTA	ONTYHJÄ	ERTOM	JE.PRÁZDNÉ	ÜRES	EBOŞSA
ISERR	ESTERR	ISFOUT2	ISTFEHL	ESERR	É.ERROS	ЕОШ	ÄRF	VAL.ERR	ER.FE	CZY.BŁ	ONVIRH	ERF	JE.CHYBA	HIBA.E	EHATA
ISERROR	ESTERREUR	ISFOUT	ISTFEHLER	ESERROR	É.ERRO	ЕОШИБКА	ÄRFEL	VAL.ERRORE	ER.FEJL	CZY.BŁĄD	ONVIRHE	ERFEIL	JE.CHYBHODN	HIBÁS	EHATALIYSA
ISEVEN	EST.PAIR	IS.EVEN	ISTGERADE	ES.PAR	ÉPAR	ЕЧЁТН	ÄRJÄMN	VAL.PARI	ER.LIGE	CZY.PARZYSTE	ONPARILLINEN	ERPARTALL	JE.SUDÉ	PÁROSE	ÇİFTMİ
ISFORMULA	ISFORMULA	ISFORMULE	ISTFORMEL	ESFORMULA	É.FORMULA	ЕФОРМУЛА	ÄRFORMEL	VAL.FORMULA	ER.FORMEL	CZY.FORMUŁA	ONKAAVA	ERFORMEL	ISFORMULA	KÉPLET	EFORMÜLSE
ISLOGICAL	ESTLOGIQUE	ISLOGISCH	ISTLOG	ESLOGICO	É.LÓGICO	ЕЛОГИЧ	ÄRLOGISK	VAL.LOGICO	ER.LOGISK	CZY.LOGICZNA	ONTOTUUS	ERLOGISK	JE.LOGHODN	LOGIKAI	EMANTIKSALSA
ISNA	ESTNA	ISNB	ISTNV	ESNOD	É.NÃO.DISP	ЕНД	ÄRSAKNAD	VAL.NON.DISP	ER.IKKE.TILGÆNGELIG	CZY.BRAK	ONPUUTTUU	ERIT	JE.NEDEF	NINCS	EYOKSA
ISNONTEXT	ESTNONTEXTE	ISGEENTEKST	ISTKTEXT	ESNOTEXTO	É.NÃO.TEXTO	ЕНЕТЕКСТ	ÄREJTEXT	VAL.NON.TESTO	ER.IKKE.TEKST	CZY.NIE.TEKST	ONEI_TEKSTI	ERIKKETEKST	JE.NETEXT	NEM.SZÖVEG	EMETİNDEĞİLSE
ISNUMBER	ESTNUM	ISGETAL	ISTZAHL	ESNUMERO	É.NÚM	ЕЧИСЛО	ÄRTAL	VAL.NUMERO	ER.TAL	CZY.LICZBA	ONLUKU	ERTALL	JE.ČISLO	SZÁM	ESAYIYSA
ISO.CEILING	ISO.PLAFOND	ISO.AFRONDEN.BOVEN	ISO.OBERGRENZE	MULTIPLO.SUPERIOR.ISO	ARRED.EXCESSO.ISO	ISO.ОКРВВЕРХ	ISO.RUNDA.UPP	ISO.ARROTONDA.ECCESSO	ISO.LOFT	ISO.ZAOKR.W.GÓRĘ	ISO.PYÖRISTÄ.KERR.YLÖS	ISO.AVRUND.GJELDENDE.MULTIPLUM	ISO.CEILING	ISO.PLAFON	ISO.TAVAN
ISODD	EST.IMPAIR	IS.ONEVEN	ISTUNGERADE	ES.IMPAR	ÉÍMPAR	ЕНЕЧЁТ	ÄRUDDA	VAL.DISPARI	ER.ULIGE	CZY.NIEPARZYSTE	ONPARITON	ERODDETALL	JE.LICHÉ	PÁRATLANE	TEKMİ
ISOWEEKNUM	ISOWEEKNUM	ISO.WEEKNUMMER	ISOKALENDERWOCHE	ISO.NUM.DE.SEMANA	NÚMSEMANAISO	ISO.НОМНЕД	ISOVECKONR	NUM.SETTIMANA.ISO	ISOUGE.NR	ISO.NUM.TYG	VIIKKO.ISO.NRO	ISOUKENR	ISOWEEKNUM	ISO.HÉT.SZÁMA	ISOHAFTASAY
ISPMT	ISPMT	ISBET	ISPMT	INT.PAGO.DIR	É.PGTO	ПРОЦПЛАТ	RALÅN	INTERESSE.RATA	ISPMT	ISPMT	ONMAKSU	ER.AVDRAG	ISPMT	LRÉSZLETKAMAT	ISPMT
ISREF	ESTREF	ISVERWIJZING	ISTBEZUG	ESREF	É.REF	ЕССЫЛКА	ÄRREF	VAL.RIF	ER.REFERENCE	CZY.ADR	ONVIITT	ERREF	JE.ODKAZ	HIVATKOZÁS	EREFSE
ISTEXT	ESTTEXTE	ISTEKST	ISTTEXT	ESTEXTO	É.TEXTO	ЕТЕКСТ	ÄRTEXT	VAL.TESTO	ER.TEKST	CZY.TEKST	ONTEKSTI	ERTEKST	JE.TEXT	SZÖVEG.E	EMETİNSE
KURT	KURTOSIS	KURTOSIS	KURT	CURTOSIS	CURT	ЭКСЦЕСС	TOPPIGHET	CURTOSI	TOPSTEJL	KURTOZA	KURT	KURT	KURT	CSÚCSOSSÁG	BASIKLIK
LARGE	GRANDE.VALEUR	GROOTSTE	KGRÖSSTE	K.ESIMO.MAYOR	MAIOR	НАИБОЛЬШИЙ	STÖRSTA	GRANDE	STØRSTE	MAX.K	SUURI	N.STØRST	LARGE	NAGY	BÜYÜK
LCM	PPCM	KGV	KGV	M.C.M	MMC	НОК	MGM	MCM	MINDSTE.FÆLLES.MULTIPLUM	NAJMN.WSP.WIEL	PIENIN.YHT.JAETTAVA	MFM	LCM	LKT	OKEK
LEFT, LEFTB	GAUCHE, GAUCHEB	LINKS, LINKSB	LINKS, LINKSB	IZQUIERDA, IZQUIERDAB	ESQUERDA, ESQUERDAB	ЛЕВСИМВ, ЛЕВБ	VÄNSTER, VÄNSTERB	SINISTRA, SINISTRAB	VENSTRE, VENSTREB	LEWY, LEWYB	VASEN, VASENB	VENSTRE, VENSTREB	VLEVO, LEFTB	BAL, BAL2	SOLDAN, SOLB
LEN, LENB	NBCAR, LENB	LENGTE, LENGTEB	LÄNGE, LÄNGEB	LARGO, LARGOB	NÚM.CARACT, NÚM.CARACTB	ДЛСТР, ДЛИНБ	LÄNGD, LÄNGDB	LUNGHEZZA, LUNGB	LÆNGDE, LÆNGDEB	DŁ, DŁ.B	PITUUS, PITUUSB	LENGDE, LENGDEB	DÉLKA, LENB	HOSSZ, HOSSZ2	UZUNLUK, UZUNLUKB
LINEST	DROITEREG	LIJNSCH	RGP	ESTIMACION.LINEAL	PROJ.LIN	ЛИНЕЙН	REGR	REGR.LIN	LINREGR	REGLINP	LINREGR	RETTLINJE	LINREGRESE	LIN.ILL	DOT
LN	LN	LN	LN	LN	LN	LN	LN	LN	LN	LN	LUONNLOG	LN	LN	LN	LN
LOG	LOG	LOG	LOG	LOG	LOG	LOG	LOG	LOG	LOG	LOG	LOG	LOG	LOGZ	LOG	LOG
LOG10	LOG10	LOG10	LOG10	LOG10	LOG10	LOG10	LOG10	LOG10	LOG10	LOG10	LOG10	LOG10	LOG	LOG10	LOG10
LOGEST	LOGREG	LOGSCH	RKP	ESTIMACION.LOGARITMICA	PROJ.LOG	ЛГРФПРИБЛ	EXPREGR	REGR.LOG	LOGREGR	REGEXPP	LOGREGR	KURVE	LOGLINREGRESE	LOG.ILL	LOT
LOGINV	LOI.LOGNORMALE.INVERSE	LOG.NORM.INV	LOGINV	DISTR.LOG.INV	INVLOG	ЛОГНОРМОБР	LOGINV	INV.LOGNORM	LOGINV	ROZKŁAD.LOG.ODW	LOGNORM.JAKAUMA.KÄÄNT	LOGINV	LOGINV	INVERZ.LOG.ELOSZLÁS	LOGTERS
LOGNORM.DIST	LOI.LOGNORMALE.N	LOGNORM.VERD	LOGNORM.VERT	DISTR.LOGNORM	DIST.NORMLOG	ЛОГНОРМ.РАСП	LOGNORM.FÖRD	DISTRIB.LOGNORM.N	LOGNORM.FORDELING	ROZKŁ.LOG	LOGNORM_JAKAUMA	LOGNORM.FORDELING	LOGNORM.DIST	LOGNORM.ELOSZLÁS	LOGNORM.DAĞ
LOGNORM.INV	LOI.LOGNORMALE.INVERSE.N	LOGNORM.INV	LOGNORM.INV	INV.LOGNORM	INV.NORMALLOG	ЛОГНОРМ.ОБР	LOGNORM.INV	INV.LOGNORM.N	LOGNORM.INV	ROZKŁ.LOG.ODWR	LOGNORM.KÄÄNT	LOGNORM.INV	LOGNORM.INV	LOGNORM.INVERZ	LOGNORM.TERS
LOGNORMDIST	LOI.LOGNORMALE	LOG.NORM.VERD	LOGNORMVERT	DISTR.LOG.NORM	DIST.NORMALLOG	ЛОГНОРМРАСП	LOGNORMFÖRD	DISTRIB.LOGNORM	LOGNORMFORDELING	ROZKŁAD.LOG	LOGNORM.JAKAUMA	LOGNORMFORD	LOGNORMDIST	LOG.ELOSZLÁS	LOGNORMDAĞ
LOOKUP	RECHERCHE	ZOEKEN	VERWEIS	BUSCAR	PROC	ПРОСМОТР	LETAUPP	CERCA	SLÅ.OP	WYSZUKAJ	HAKU	SLÅ.OPP	VYHLEDAT	KERES	ARA
LOWER	MINUSCULE	KLEINE.LETTERS	KLEIN	MINUSC	MINÚSCULAS	СТРОЧН	GEMENER	MINUSC	/	LITERY.MAŁE	PIENET	SMÅ	MALÁ	KISBETŰ	KÜÇÜKHARF
MATCH	EQUIV	VERGELIJKEN	VERGLEICH	COINCIDIR	CORRESP	ПОИСКПОЗ	PASSA	CONFRONTA	SAMMENLIGN	PODAJ.POZYCJĘ	VASTINE	SAMMENLIGNE	POZVYHLEDAT	HOL.VAN	KAÇINCI
MAX	MAX	MAX	MAX	MAX	MÁXIMO	МАКС	MAX	MAX	MAKS	MAX	MAKS	STØRST	MAX	MAX	MAK
MAXA	MAXA	MAXA	MAXA	MAXA	MÁXIMOA	МАКСА	MAXA	MAX.VALORI	MAKSV	MAX.A	MAKSA	MAKSA	MAXA	MAX2	MAKA
MDETERM	DETERMAT	DETERMINANTMAT	MDET	MDETERM	MATRIZ.DETERM	МОПРЕД	MDETERM	MATR.DETERM	MDETERM	WYZNACZNIK.MACIERZY	MDETERM	MDETERM	DETERMINANT	MDETERM	DETERMİNANT
MDURATION	DUREE.MODIFIEE	AANG.DUUR	MDURATION	DURACION.MODIF	MDURAÇÃO	МДЛИТ	MLÖPTID	DURATA.M	MVARIGHED	ROCZ.PRZYCH.M	KESTO.MUUNN	MVARIGHET	MDURATION	MKAMATÉRZ	MSÜRE
MEDIAN	MEDIANE	MEDIAAN	MEDIAN	MEDIANA	MED	МЕДИАНА	MEDIAN	MEDIANA	MEDIAN	MEDIANA	MEDIAANI	MEDIAN	MEDIAN	MEDIÁN	ORTANCA
MID, MIDB	STXT, MIDB	DEEL, DEELB	TEIL, TEILB	EXTRAE, EXTRAEB	SEG.TEXTO, SEG.TEXTOB	ПСТР, ПСТРБ	EXTEXT, EXTEXTB	STRINGA.ESTRAI, MEDIA.B	MIDT, MIDTB	FRAGMENT.TEKSTU, FRAGMENT.TEKSTU.B	POIMI.TEKSTI, POIMI.TEKSTIB	DELTEKST, DELTEKSTB	ČÁST, MIDB	KÖZÉP, KÖZÉP2	PARÇAAL, ORTAB
MIN	MIN	MIN	MIN	MIN	MÍNIMO	МИН	MIN	MIN	MIN	MIN	MIN	MIN	MIN	MIN	MİN
MINA	MINA	MINA	MINA	MINA	MÍNIMOA	МИНА	MINA	MIN.VALORI	MINV	MIN.A	MINA	MINA	MINA	MIN2	MİNA
MINUTE	MINUTE	MINUUT	MINUTE	MINUTO	MINUTO	МИНУТЫ	MINUT	MINUTO	MINUT	MINUTA	MINUUTIT	MINUTT	MINUTA	PERCEK	DAKİKA
MINVERSE	INVERSEMAT	INVERSEMAT	MINV	MINVERSA	MATRIZ.INVERSA	МОБР	MINVERT	MATR.INVERSA	MINVERT	MACIERZ.ODW	MKÄÄNTEINEN	MINVERS	INVERZE	INVERZ.MÁTRIX	DİZEY_TERS
MIRR	TRIM	GIR	QIKV	TIRM	MTIR	МВСД	MODIR	TIR.VAR	MIA	MIRR	MSISÄINEN	MODIR	MOD.MÍRA.VÝNOSNOSTI	MEGTÉRÜLÉS	D_İÇ_VERİM_ORANI
MMULT	PRODUITMAT	PRODUCTMAT	MMULT	MMULT	MATRIZ.MULT	МУМНОЖ	MMULT	MATR.PRODOTTO	MPRODUKT	MACIERZ.ILOCZYN	MKERRO	MMULT	SOUČIN.MATIC	MSZORZAT	DÇARP
MOD	MOD	REST	REST	RESIDUO	RESTO	ОСТАТ	REST	RESTO	REST	MOD	JAKOJ	REST	MOD	MARADÉK	MOD
MODE	MODE	MODUS	MODALWERT	MODA	MODO	МОДА	TYPVÄRDE	MODA	HYPPIGST	WYST.NAJCZĘŚCIEJ	MOODI	MODUS	MODE	MÓDUSZ	ENÇOK_OLAN
MODE.MULT	MODE.MULTIPLE	MODUS.MEERV	MODUS.VIELF	MODA.VARIOS	MODO.MÚLT	МОДА.НСК	TYPVÄRDE.FLERA	MODA.MULT	HYPPIGST.FLERE	WYST.NAJCZĘŚCIEJ.TABL	MOODI.USEA	MODUS.MULT	MODE.MULT	MÓDUSZ.TÖBB	ENÇOK_OLAN.ÇOK
MODE.SNGL	MODE.SIMPLE	MODUS.ENKELV	MODUS.EINF	MODA.UNO	MODO.SIMPLES	МОДА.ОДН	TYPVÄRDE.ETT	MODA.SNGL	HYPPIGST.ENKELT	WYST.NAJCZĘŚCIEJ.WART	MOODI.YKSI	MODUS.SNGL	MODE.SNGL	MÓDUSZ.EGY	ENÇOK_OLAN.TEK
MONTH	MOIS	MAAND	MONAT	MES	MÊS	МЕСЯЦ	MÅNAD	MESE	MÅNED	MIESIĄC	KUUKAUSI	MÅNED	MĚSÍC	HÓNAP	AY
MROUND	ARRONDI.AU.MULTIPLE	AFRONDEN.N.VEELVOUD	VRUNDEN	REDOND.MULT	MARRED	ОКРУГЛТ	MAVRUNDA	ARROTONDA.MULTIPLO	MAFRUND	ZAOKR.DO.WIELOKR	PYÖRISTÄ.KERR	MRUND	MROUND	TÖBBSZ.KEREKÍT	KYUVARLA
MULTINOMIAL	MULTINOMIALE	MULTINOMIAAL	POLYNOMIAL	MULTINOMIAL	POLINOMIAL	МУЛЬТИНОМ	MULTINOMIAL	MULTINOMIALE	MULTINOMIAL	WIELOMIAN	MULTINOMI	MULTINOMINELL	MULTINOMIAL	SZORHÁNYFAKT	ÇOKTERİMLİ
MUNIT	MATRICE.UNITAIRE	EENHEIDMAT	MEINHEIT	MUNIT	UNIDM	ЕДМАТРИЦА	MENHET	MATR.UNIT	MENHED	MACIERZ.JEDNOSTKOWA	YKSIKKÖM	MENHET	MUNIT	MMÁTRIX	BİRİMMATRİS
N	N	N	N	N	N	Ч	N	NUM	TAL	N	N	N	N	S	S
NA	NA	NB	NV	NOD	ND	НД	SAKNAS	NON.DISP	IKKE.TILGÆNGELIG	BRAK	PUUTTUU	IT	NA	HIÁNYZIK	YOKSAY
NEGBINOM.DIST	LOI.BINOMIALE.NEG.N	NEGBINOM.VERD	NEGBINOM.VERT	NEGBINOM.DIST	DIST.BINOM.NEG	ОТРБИНОМ.РАСП	NEGBINOM.FÖRD	DISTRIB.BINOM.NEG.N	NEGBINOM.FORDELING	ROZKŁ.DWUM.PRZEC	BINOMI.JAKAUMA.NEG	NEGBINOM.FORDELING	NEGBINOM.DIST	NEGBINOM.ELOSZLÁS	NEGBİNOM.DAĞ
NEGBINOMDIST	LOI.BINOMIALE.NEG	NEG.BINOM.VERD	NEGBINOMVERT	NEGBINOMDIST	DIST.BIN.NEG	ОТРБИНОМРАСП	NEGBINOMFÖRD	DISTRIB.BINOM.NEG	NEGBINOMFORDELING	ROZKŁAD.DWUM.PRZEC	BINOMIJAKAUMA.NEG	NEGBINOM.FORDELING	NEGBINOMDIST	NEGBINOM.ELOSZL	NEGBİNOMDAĞ
NETWORKDAYS	NB.JOURS.OUVRES	NETTO.WERKDAGEN	NETTOARBEITSTAGE	DIAS.LAB	DIATRABALHOTOTAL	ЧИСТРАБДНИ	NETTOARBETSDAGAR	GIORNI.LAVORATIVI.TOT	ANTAL.ARBEJDSDAGE	DNI.ROBOCZE	TYÖPÄIVÄT	NETT.ARBEIDSDAGER	NETWORKDAYS	ÖSSZ.MUNKANAP	TAMİŞGÜNÜ
NETWORKDAYS.INTL	NB.JOURS.OUVRES.INTL	NETWERKDAGEN.INTL	NETTOARBEITSTAGE.INTL	DIAS.LAB.INTL	DIATRABALHOTOTAL.INTL	ЧИСТРАБДНИ.МЕЖД	NETTOARBETSDAGAR.INT	GIORNI.LAVORATIVI.TOT.INTL	ANTAL.ARBEJDSDAGE.INTL	DNI.ROBOCZE.NIESTAND	TYÖPÄIVÄT.KANSVÄL	NETT.ARBEIDSDAGER.INTL	NETWORKDAYS.INTL	ÖSSZ.MUNKANAP.INTL	TAMİŞGÜNÜ.ULUSL
NOMINAL	TAUX.NOMINAL	NOMINALE.RENTE	NOMINAL	TASA.NOMINAL	NOMINAL	НОМИНАЛ	NOMRÄNTA	NOMINALE	NOMINEL	NOMINALNA	KORKO.VUOSI	NOMINELL	NOMINAL	NÉVLEGES	NOMİNAL
NORM.DIST	LOI.NORMALE.N	NORM.VERD	NORM.VERT	DISTR.NORM.N	DIST.NORM	НОРМ.РАСП	NORM.FÖRD	DISTRIB.NORM.N	NORMAL.FORDELING	ROZKŁ.NORMALNY	NORMAALI.JAKAUMA	NORM.FORDELING	NORM.DIST	NORM.ELOSZLÁS	NORM.DAĞ
NORM.INV	LOI.NORMALE.INVERSE.N	NORM.INV	NORM.INV	INV.NORM	INV.NORM	НОРМ.ОБР	NORM.INV	INV.NORM.N	NORM.INV	ROZKŁ.NORMALNY.ODWR	NORMAALI.JAKAUMA.KÄÄNT	NORM.INV	NORM.INV	NORM.INVERZ	NORM.TERS
NORM.S.DIST	LOI.NORMALE.STANDARD.N	NORM.S.VERD	NORM.S.VERT	DISTR.NORM.ESTAND.N	DIST.S.NORM	НОРМ.СТ.РАСП	NORM.S.FÖRD	DISTRIB.NORM.ST.N	STANDARD.NORM.FORDELING	ROZKŁ.NORMALNY.S	NORM_JAKAUMA.NORMIT	NORM.S.FORDELING	NORM.S.DIST	NORM.S.ELOSZLÁS	NORM.S.DAĞ
NORM.S.INV	LOI.NORMALE.STANDARD.INVERSE.N	NORM.S.INV	NORM.S.INV	INV.NORM.ESTAND	INV.S.NORM	НОРМ.СТ.ОБР	NORM.S.INV	INV.NORM.S	STANDARD.NORM.INV	ROZKŁ.NORMALNY.S.ODWR	NORM_JAKAUMA.KÄÄNT	NORM.S.INV	NORM.S.INV	NORM.S.INVERZ	NORM.S.TERS
NORMDIST	LOI.NORMALE	NORM.VERD	NORMVERT	DISTR.NORM	DIST.NORM	НОРМРАСП	NORMFÖRD	DISTRIB.NORM	NORMFORDELING	ROZKŁAD.NORMALNY	NORM.JAKAUMA	NORMALFORDELING	NORMDIST	NORM.ELOSZL	NORMDAĞ
NORMINV	LOI.NORMALE.INVERSE	NORM.INV	NORMINV	DISTR.NORM.INV	INV.NORM	НОРМОБР	NORMINV	INV.NORM	NORMINV	ROZKŁAD.NORMALNY.ODW	NORM.JAKAUMA.KÄÄNT	NORMINV	NORMINV	INVERZ.NORM	NORMTERS
NORMSDIST	LOI.NORMALE.STANDARD	STAND.NORM.VERD	NORMVERT	DISTR.NORM.ESTAND	DIST.NORMP	НОРМСТРАСП	NORMSFÖRD	DISTRIB.NORM.ST	STANDARDNORMFORDELING	ROZKŁAD.NORMALNY.S	NORM.JAKAUMA.NORMIT	NORMSFORDELING	NORMSDIST	STNORMELOSZL	NORMSDAĞ
NORMSINV	LOI.NORMALE.STANDARD.INVERSE	STAND.NORM.INV	STANDNORMINV	DISTR.NORM.ESTAND.INV	INV.NORMP	НОРМСТОБР	NORMSINV	INV.NORM.ST	STANDARDNORMINV	ROZKŁAD.NORMALNY.S.ODW	NORM.JAKAUMA.NORMIT.KÄÄNT	NORMSINV	NORMSINV	INVERZ.STNORM	NORMSTERS
NOT	NON	NIET	NICHT	NO	NÃO	НЕ	ICKE	NON	IKKE	NIE	EI	IKKE	NE	NEM	DEĞİL
NOW	MAINTENANT	NU	JETZT	AHORA	AGORA	ТДАТА	NU	ADESSO	NU	TERAZ	NYT	NÅ	NYNÍ	MOST	ŞİMDİ
NPER	NPM	NPER	ZZR	NPER	NPER	КПЕР	PERIODER	NUM.RATE	NPER	NPER	NJAKSO	PERIODER	POČET.OBDOBÍ	PER.SZÁM	TAKSİT_SAYISI
NPV	VAN	NHW	NBW	VNA	VAL	ЧПС	NETNUVÄRDE	VAN	NUTIDSVÆRDI	NPV	NNA	NNV	ČISTÁ.SOUČHODNOTA	NMÉ	NBD
NUMBERVALUE	NUMBERVALUE	NUMERIEKE.WAARDE	ZAHLENWERT	VALOR.NUMERO	VALOR.NÚMERO	ЧИСЛЗНАЧ	TALVÄRDE	NUMERO.VALORE	TALVÆRDI	WARTOŚĆ.LICZBOWA	NROARVO	TALLVERDI	NUMBERVALUE	SZÁMÉRTÉK	SAYIDEĞERİ
OCT2BIN	OCTBIN	OCT.N.BIN	OKTINBIN	OCT.A.BIN	OCTABIN	ВОСЬМ.В.ДВ	OKT.TILL.BIN	OCT.BINARIO	OKT.TIL.BIN	ÓSM.NA.DWÓJK	OKTBIN	OKTTILBIN	OCT2BIN	OKT.BIN	OCT2BIN
OCT2DEC	OCTDEC	OCT.N.DEC	OKTINDEZ	OCT.A.DEC	OCTADEC	ВОСЬМ.В.ДЕС	OKT.TILL.DEC	OCT.DECIMALE	OKT.TIL.DEC	ÓSM.NA.DZIES	OKTDES	OKTTILDES	OCT2DEC	OKT.DEC	OCT2DEC
OCT2HEX	OCTHEX	OCT.N.HEX	OKTINHEX	OCT.A.HEX	OCTAHEX	ВОСЬМ.В.ШЕСТН	OKT.TILL.HEX	OCT.HEX	OKT.TIL.HEX	ÓSM.NA.SZESN	OKTHEKSA	OKTTILHEKS	OCT2HEX	OKT.HEX	OCT2HEX
ODD	IMPAIR	ONEVEN	UNGERADE	REDONDEA.IMPAR	ÍMPAR	НЕЧЁТ	UDDA	DISPARI	ULIGE	ZAOKR.DO.NPARZ	PARITON	AVRUND.TIL.ODDETALL	ZAOKROUHLIT.NA.LICHÉ	PÁRATLAN	TEK
ODDFPRICE	PRIX.PCOUPON.IRREG	AFW.ET.PRIJS	UNREGER.KURS	PRECIO.PER.IRREGULAR.1	PREÇOPRIMINC	ЦЕНАПЕРВНЕРЕГ	UDDAFPRIS	PREZZO.PRIMO.IRR	ULIGE.KURS.PÅLYDENDE	CENA.PIERW.OKR	PARITON.ENS.NIMELLISARVO	AVVIKFP.PRIS	ODDFPRICE	ELTÉRŐ.EÁR	TEKYDEĞER
ODDFYIELD	REND.PCOUPON.IRREG	AFW.ET.REND	UNREGER.REND	RENDTO.PER.IRREGULAR.1	LUCROPRIMINC	ДОХОДПЕРВНЕРЕГ	UDDAFAVKASTNING	REND.PRIMO.IRR	ULIGE.FØRSTE.AFKAST	RENT.PIERW.OKR	PARITON.ENS.TUOTTO	AVVIKFP.AVKASTNING	ODDFYIELD	ELTÉRŐ.EHOZAM	TEKYÖDEME
ODDLPRICE	PRIX.DCOUPON.IRREG	AFW.LT.PRIJS	UNREGLE.KURS	PRECIO.PER.IRREGULAR.2	PREÇOÚLTINC	ЦЕНАПОСЛНЕРЕГ	UDDASPRIS	PREZZO.ULTIMO.IRR	ULIGE.SIDSTE.KURS	CENA.OST.OKR	PARITON.VIIM.NIMELLISARVO	AVVIKSP.PRIS	ODDLPRICE	ELTÉRŐ.UÁR	TEKSDEĞER
ODDLYIELD	REND.DCOUPON.IRREG	AFW.LT.REND	UNREGLE.REND	RENDTO.PER.IRREGULAR.2	LUCROÚLTINC	ДОХОДПОСЛНЕРЕГ	UDDASAVKASTNING	REND.ULTIMO.IRR	ULIGE.SIDSTE.AFKAST	RENT.OST.OKR	PARITON.VIIM.TUOTTO	AVVIKSP.AVKASTNING	ODDLYIELD	ELTÉRŐ.UHOZAM	TEKSÖDEME
OFFSET	DECALER	VERSCHUIVING	BEREICH.VERSCHIEBEN	DESREF	DESLOCAMENTO	СМЕЩ	FÖRSKJUTNING	SCARTO	FORSKYDNING	PRZESUNIĘCIE	SIIRTYMÄ	FORSKYVNING	POSUN	ELTOLÁS	KAYDIR
OR	OU	OF	ODER	O	OU	ИЛИ	ELLER	O	ELLER	LUB	TAI	ELLER	NEBO	VAGY	YADA
PDURATION	PDURATION	PDUUR	PDURATION	P.DURACION	PDURAÇÃO	PDURATION	PLÖPTID	DURATA.P	PVARIGHED	O.CZAS.TRWANIA	JKESTO	PVARIGHET	PDURATION	KAMATÉRZ.PER	PSÜRE
PEARSON	PEARSON	PEARSON	PEARSON	PEARSON	PEARSON	PEARSON	PEARSON	PEARSON	PEARSON	PEARSON	PEARSON	PEARSON	PEARSON	PEARSON	PEARSON
PERCENTILE	CENTILE	PERCENTIEL	QUANTIL	PERCENTIL	PERCENTIL	ПЕРСЕНТИЛЬ	PERCENTIL	PERCENTILE	FRAKTIL	PERCENTYL	PROSENTTIPISTE	PERSENTIL	PERCENTIL	PERCENTILIS	YÜZDEBİRLİK
PERCENTILE.EXC	CENTILE.EXCLURE	PERCENTIEL.EXC	QUANTIL.EXKL	PERCENTIL.EXC	PERCENTIL.EXC	ПРОЦЕНТИЛЬ.ИСКЛ	PERCENTIL.EXK	ESC.PERCENTILE	FRAKTIL.UDELAD	PERCENTYL.PRZEDZ.OTW	PROSENTTIPISTE.ULK	PERSENTIL.EKS	PERCENTIL.EXC	PERCENTILIS.KIZÁR	YÜZDEBİRLİK.HRC
PERCENTILE.INC	CENTILE.INCLURE	PERCENTIEL.INC	QUANTIL.INKL	PERCENTIL.INC	PERCENTIL.INC	ПРОЦЕНТИЛЬ.ВКЛ	PERCENTIL.INK	INC.PERCENTILE	FRAKTIL.MEDTAG	PERCENTYL.PRZEDZ.ZAMK	PROSENTTIPISTE.SIS	PERSENTIL.INK	PERCENTIL.INC	PERCENTILIS.TARTALMAZ	YÜZDEBİRLİK.DHL
PERCENTRANK	RANG.POURCENTAGE	PERCENT.RANG	QUANTILSRANG	RANGO.PERCENTIL	ORDEM.PERCENTUAL	ПРОЦЕНТРАНГ	PROCENTRANG	PERCENT.RANGO	PROCENTPLADS	PROCENT.POZYCJA	PROSENTTIJÄRJESTYS	PROSENTDEL	PERCENTRANK	SZÁZALÉKRANG	YÜZDERANK
PERCENTRANK.EXC	RANG.POURCENTAGE.EXCLURE	PROCENTRANG.EXC	QUANTILSRANG.EXKL	RANGO.PERCENTIL.EXC	ORDEM.PERCENTUAL.EXC	ПРОЦЕНТРАНГ.ИСКЛ	PROCENTRANG.EXK	ESC.PERCENT.RANGO	PROCENTPLADS.UDELAD	PROC.POZ.PRZEDZ.OTW	PROSENTTIJÄRJESTYS.ULK	PROSENTDEL.EKS	PERCENTRANK.EXC	SZÁZALÉKRANG.KIZÁR	YÜZDERANK.HRC
PERCENTRANK.INC	RANG.POURCENTAGE.INCLURE	PROCENTRANG.INC	QUANTILSRANG.INKL	RANGO.PERCENTIL.INC	ORDEM.PERCENTUAL.INC	ПРОЦЕНТРАНГ.ВКЛ	PROCENTRANG.INK	INC.PERCENT.RANGO	PROCENTPLADS.MEDTAG	PROC.POZ.PRZEDZ.ZAMK	PROSENTTIJÄRJESTYS.SIS	PROSENTDEL.INK	PERCENTRANK.INC	SZÁZALÉKRANG.TARTALMAZ	YÜZDERANK.DHL
PERMUT	PERMUTATION	PERMUTATIES	VARIATIONEN	PERMUTACIONES	PERMUTAR	ПЕРЕСТ	PERMUT	PERMUTAZIONE	PERMUT	PERMUTACJE	PERMUTAATIO	PERMUTER	PERMUTACE	VARIÁCIÓK	PERMÜTASYON
PERMUTATIONA	PERMUTATIONA	PERMUTATIE.A	VARIATIONEN2	PERMUTACIONES.A	PERMUTAR.R	PERMUTATIONA	PERMUTATIONA	PERMUTAZIONE.VALORI	PERMUTATIONA	PERMUTACJE.A	PERMUTAATIOA	PERMUTASJONA	PERMUTACE.A	VARIÁCIÓK.ISM	PERMÜTASYONA
PHI	PHI	PHI	PHI	FI	PHII	PHI	PHI	PHI	PHI	PHI	FII	PHI	PHI	FI	PHI
PHONETIC	PHONETIQUE	FONETISCH	PHONETIC	FONETICO	FONÉTICA	PHONETIC	PHONETIC	FURIGANA	FONETISK	PHONETIC	FONEETTINEN	FURIGANA	ZVUKOVÉ	FONETIKUS	SES
PI	PI	PI	PI	PI	PI	ПИ	PI	PI.GRECO	PI	PI	PII	PI	PI	PI	Pİ
PMT	VPM	AFLOSSING	RMZ	PAGO	PGTO	ПЛТ	BETALNING	RATA	YDELSE	PMT	MAKSU	AVDRAG	PLATBA	RÉSZLET	DEVRESEL_ÖDEME
POISSON	LOI.POISSON	POISSON	POISSON	POISSON	POISSON	ПУАССОН	POISSON	POISSON	POISSON	ROZKŁAD.POISSON	POISSON	POISSON	POISSON	POISSON	POISSON
POISSON.DIST	LOI.POISSON.N	POISSON.VERD	POISSON.VERT	POISSON.DIST	DIST.POISSON	ПУАССОН.РАСП	POISSON.FÖRD	DISTRIB.POISSON	POISSON.FORDELING	ROZKŁ.POISSON	POISSON.JAKAUMA	POISSON.FORDELING	POISSON.DIST	POISSON.ELOSZLÁS	POISSON.DAĞ
POWER	PUISSANCE	MACHT	POTENZ	POTENCIA	POTÊNCIA	СТЕПЕНЬ	UPPHÖJT.TILL	POTENZA	POTENS	POTĘGA	POTENSSI	OPPHØYD.I	POWER	HATVÁNY	KUVVET
PPMT	PRINCPER	PBET	KAPZ	PAGOPRIN	PPGTO	ОСПЛТ	AMORT	P.RATA	H.YDELSE	PPMT	PPMT	AMORT	PLATBA.ZÁKLAD	PRÉSZLET	ANA_PARA_ÖDEMESİ
PRICE	PRIX.TITRE	PRIJS.NOM	KURS	PRECIO	PREÇO	ЦЕНА	PRIS	PREZZO	KURS	CENA	HINTA	PRIS	PRICE	ÁR	DEĞER
PRICEDISC	VALEUR.ENCAISSEMENT	PRIJS.DISCONTO	KURSDISAGIO	PRECIO.DESCUENTO	PREÇODESC	ЦЕНАСКИДКА	PRISDISK	PREZZO.SCONT	KURS.DISKONTO	CENA.DYSK	HINTA.DISK	PRIS.DISKONTERT	PRICEDISC	ÁR.LESZÁM	DEĞERİND
PRICEMAT	PRIX.TITRE.ECHEANCE	PRIJS.VERVALDAG	KURSFÄLLIG	PRECIO.VENCIMIENTO	PREÇOVENC	ЦЕНАПОГАШ	PRISFÖRF	PREZZO.SCAD	KURS.UDLØB	CENA.WYKUP	HINTA.LUNASTUS	PRIS.FORFALL	PRICEMAT	ÁR.LEJÁRAT	DEĞERVADE
PROB	PROBABILITE	KANS	WAHRSCHBEREICH	PROBABILIDAD	PROB	ВЕРОЯТНОСТЬ	SANNOLIKHET	PROBABILITÀ	SANDSYNLIGHED	PRAWDPD	TODENNÄKÖISYYS	SANNSYNLIG	PROB	VALÓSZÍNŰSÉG	OLASILIK
PRODUCT	PRODUIT	PRODUCT	PRODUKT	PRODUCTO	PRODUTO	ПРОИЗВЕД	PRODUKT	PRODOTTO	PRODUKT	ILOCZYN	TULO	PRODUKT	SOUČIN	SZORZAT	ÇARPIM
PROPER	NOMPROPRE	BEGINLETTERS	GROSS2	NOMPROPIO	INICIAL.MAIÚSCULA	ПРОПНАЧ	INITIAL	MAIUSC.INIZ	STORT.FORBOGSTAV	Z.WIELKIEJ.LITERY	ERISNIMI	STOR.FORBOKSTAV	VELKÁ2	TNÉV	YAZIM.DÜZENİ
PV	VA	HW	BW	VA	VA	ПС	NUVÄRDE	VA	NV	PV	NA	NÅVERDI	SOUČHODNOTA	MÉ	BD
QUARTILE	QUARTILE	KWARTIEL	QUARTILE	CUARTIL	QUARTIL	КВАРТИЛЬ	KVARTIL	QUARTILE	KVARTIL	KWARTYL	NELJÄNNES	KVARTIL	QUARTIL	KVARTILIS	DÖRTTEBİRLİK
QUARTILE.EXC	QUARTILE.EXCLURE	KWARTIEL.EXC	QUARTILE.EXKL	CUARTIL.EXC	QUARTIL.EXC	КВАРТИЛЬ.ИСКЛ	KVARTIL.EXK	ESC.QUARTILE	KVARTIL.UDELAD	KWARTYL.PRZEDZ.OTW	NELJÄNNES.ULK	KVARTIL.EKS	QUARTIL.EXC	KVARTILIS.KIZÁR	DÖRTTEBİRLİK.HRC
QUARTILE.INC	QUARTILE.INCLURE	KWARTIEL.INC	QUARTILE.INKL	CUARTIL.INC	QUARTIL.INC	КВАРТИЛЬ.ВКЛ	KVARTIL.INK	INC.QUARTILE	KVARTIL.MEDTAG	KWARTYL.PRZEDZ.ZAMK	NELJÄNNES.SIS	KVARTIL.INK	QUARTIL.INC	KVARTILIS.TARTALMAZ	DÖRTTEBİRLİK.DHL
QUOTIENT	QUOTIENT	QUOTIENT	QUOTIENT	COCIENTE	QUOCIENTE	ЧАСТНОЕ	KVOT	QUOZIENTE	KVOTIENT	CZ.CAŁK.DZIELENIA	OSAMÄÄRÄ	KVOTIENT	QUOTIENT	KVÓCIENS	BÖLÜM
RADIANS	RADIANS	RADIALEN	BOGENMASS	RADIANES	RADIANOS	РАДИАНЫ	RADIANER	RADIANTI	RADIANER	RADIANY	RADIAANIT	RADIANER	RADIANS	RADIÁN	RADYAN
RAND	ALEA	ASELECT	ZUFALLSZAHL	ALEATORIO	ALEATÓRIO	СЛЧИС	SLUMP	CASUALE	SLUMP	LOS	SATUNNAISLUKU	TILFELDIG	NÁHČÍSLO	VÉL	S_SAYI_ÜRET
RANDBETWEEN	ALEA.ENTRE.BORNES	ASELECTTUSSEN	ZUFALLSBEREICH	ALEATORIO.ENTRE	ALEATÓRIOENTRE	СЛУЧМЕЖДУ	SLUMP.MELLAN	CASUALE.TRA	SLUMPMELLEM	LOS.ZAKR	SATUNNAISLUKU.VÄLILTÄ	TILFELDIGMELLOM	RANDBETWEEN	VÉLETLEN.KÖZÖTT	RASTGELEARADA
RANK	RANG	RANG	RANG	JERARQUIA	ORDEM	РАНГ	RANG	RANGO	PLADS	POZYCJA	ARVON.MUKAAN	RANG	RANK	SORSZÁM	RANK
RANK.AVG	MOYENNE.RANG	RANG.GEMIDDELDE	RANG.MITTELW	JERARQUIA.MEDIA	ORDEM.MÉD	РАНГ.СР	RANG.MED	RANGO.MEDIA	PLADS.GNSN	POZYCJA.ŚR	ARVON.MUKAAN.KESKIARVO	RANG.GJSN	RANK.AVG	RANG.ÁTL	RANK.ORT
RANK.EQ	EQUATION.RANG	RANG.GELIJK	RANG.GLEICH	JERARQUIA.EQV	ORDEM.EQ	РАНГ.РВ	RANG.EKV	RANGO.UG	PLADS.LIGE	POZYCJA.NAJW	ARVON.MUKAAN.TASAN	RANG.EKV	RANK.EQ	RANG.EGY	RANK.EŞİT
RATE	TAUX	RENTE	ZINS	TASA	TAXA	СТАВКА	RÄNTA	TASSO	RENTE	RATE	KORKO	RENTE	ÚROKOVÁ.MÍRA	RÁTA	FAİZ_ORANI
RECEIVED	VALEUR.NOMINALE	OPBRENGST	AUSZAHLUNG	CANTIDAD.RECIBIDA	RECEBER	ПОЛУЧЕНО	BELOPP	RICEV.SCAD	MODTAGET.VED.UDLØB	KWOTA.WYKUP	SAATU.HINTA	MOTTATT.AVKAST	RECEIVED	KAPOTT	GETİRİ
REGISTER.ID	REGISTRE.NUMERO	REGISTRATIE.ID	REGISTER.KENNUMMER	ID.REGISTRO	REGISTO.ID	РЕГИСТРАТОР.ИД	REGISTRERA.ID	IDENTIFICATORE.REGISTRO	REGISTER.ID	REJESTR.KOD	REKISTERI.TUNNUS	REGISTRER.ID	ID.REGISTRU	KÜLSŐ.AZONOSÍTÓ	YAZMAÇ.KODU
REPLACE, REPLACEB	REMPLACER, REMPLACERB	VERVANGEN, VERVANGENB	ERSETZEN, ERSETZENB	REEMPLAZAR, REEMPLAZARB	SUBSTITUIR, SUBSTITUIRB	ЗАМЕНИТЬ, ЗАМЕНИТЬБ	ERSÄTT, ERSÄTTB	RIMPIAZZA, SOSTITUISCI.B	ERSTAT, ERSTATB	ZASTĄP, ZASTĄP.B	KORVAA, KORVAAB	ERSTATT, ERSTATTB	NAHRADIT, NAHRADITB	CSERE, CSERE2	DEĞİŞTİR, DEĞİŞTİRB
REPT	REPT	HERHALING	WIEDERHOLEN	REPETIR	REPETIR	ПОВТОР	REP	RIPETI	GENTAG	POWT	TOISTA	GJENTA	OPAKOVAT	SOKSZOR	YİNELE
RIGHT, RIGHTB	DROITE, DROITEB	RECHTS, RECHTSB	RECHTS, RECHTSB	DERECHA, DERECHAB	DIREITA, DIREITAB	ПРАВСИМВ, ПРАВБ	HÖGER, HÖGERB	DESTRA, DESTRA.B	HØJRE, HØJREB	PRAWY, PRAWY.B	OIKEA, OIKEAB	HØYRE, HØYREB	VPRAVO, RIGHTB	JOBB, JOBB2	SAĞDAN, SAĞB
ROMAN	ROMAIN	ROMEINS	RÖMISCH	NUMERO.ROMANO	ROMANO	РИМСКОЕ	ROMERSK	ROMANO	ROMERTAL	RZYMSKIE	ROMAN	ROMERTALL	ROMAN	RÓMAI	ROMEN
ROUND	ARRONDI	AFRONDEN	RUNDEN	REDONDEAR	ARREDONDAR	ОКРУГЛ	AVRUNDA	ARROTONDA	AFRUND	ZAOKR	PYÖRISTÄ	AVRUND	ZAOKROUHLIT	KEREKÍTÉS	YUVARLA
ROUNDDOWN	ARRONDI.INF	AFRONDEN.NAAR.BENEDEN	ABRUNDEN	REDONDEAR.MENOS	ARRED.PARA.BAIXO	ОКРУГЛВНИЗ	AVRUNDA.NEDÅT	ARROTONDA.PER.DIF	RUND.NED	ZAOKR.DÓŁ	PYÖRISTÄ.DES.ALAS	AVRUND.NED	ROUNDDOWN	KEREK.LE	AŞAĞIYUVARLA
ROUNDUP	ARRONDI.SUP	AFRONDEN.NAAR.BOVEN	AUFRUNDEN	REDONDEAR.MAS	ARRED.PARA.CIMA	ОКРУГЛВВЕРХ	AVRUNDA.UPPÅT	ARROTONDA.PER.ECC	RUND.OP	ZAOKR.GÓRA	PYÖRISTÄ.DES.YLÖS	AVRUND.OPP	ROUNDUP	KEREK.FEL	YUKARIYUVARLA
ROW	LIGNE	RIJ	ZEILE	FILA	LINHA	СТРОКА	RAD	RIF.RIGA	RÆKKE	WIERSZ	RIVI	RAD	ŘÁDEK	SOR	SATIR
ROWS	LIGNES	RIJEN	ZEILEN	FILAS	LINS	ЧСТРОК	RADER	RIGHE	RÆKKER	ILE.WIERSZY	RIVIT	RADER	ŘÁDKY	SOROK	SATIRSAY
RRI	TAUX.INT.EQUIV	RRI	ZSATZINVEST	RRI	DEVOLVERTAXAJUROS	RRI	AVKPÅINVEST	RIT.INVEST.EFFETT	RRI	RÓWNOW.STOPA.PROC	TOT.ROI	REALISERT.AVKASTNING	RRI	MR	GERÇEKLEŞENYATIRIMGETİRİSİ
RSQ	COEFFICIENT.DETERMINATION	R.KWADRAAT	BESTIMMTHEITSMASS	COEFICIENTE.R2	RQUAD	КВПИРСОН	RKV	RQ	FORKLARINGSGRAD	R.KWADRAT	PEARSON.NELIÖ	RKVADRAT	RKQ	RNÉGYZET	RKARE
RTD	RTD	RTG	RTD	RDTR	RTD	ДРВ	RTD	DATITEMPOREALE	RTD	DANE.CZASU.RZECZ	RTD	RTD	RTD	VIA	GZV
SEARCH, SEARCHB	CHERCHE, CHERCHERB	VIND.SPEC, VIND.SPEC.B	SUCHEN, SUCHENB	HALLAR, HALLARB	PROCURAR, PROCURARB	ПОИСК, ПОИСКБ	SÖK, SÖKB	RICERCA, CERCA.B	SØG, SØGB	SZUKAJ.TEKST, SZUKAJ.TEKST.B	KÄY.LÄPI, KÄY.LÄPIB	SØK, SØKB	HLEDAT, SEARCHB	SZÖVEG.KERES, SZÖVEG.KERES2	MBUL, ARAB
SEC	SEC	SEC	SEC	SEC	SEC	SEC	SEK	SEC	SEC	SEC	SEK	SEC	SEC	SEC	SEC
SECH	SECH	SECH	SECHYP	SECH	SECH	SECH	SEKH	SECH	SECH	SECH	SEKH	SECH	SECH	SECH	SECH
SECOND	SECONDE	SECONDE	SEKUNDE	SEGUNDO	SEGUNDO	СЕКУНДЫ	SEKUND	SECONDO	sekund	SEKUNDA	SEKUNNIT	SEKUND	SEKUNDA	MPERC	SANİYE
SERIESSUM	SOMME.SERIES	SOM.MACHTREEKS	POTENZREIHE	SUMA.SERIES	SOMASÉRIE	РЯД.СУММ	SERIESUMMA	SOMMA.SERIE	SERIESUM	SUMA.SZER.POT	SARJA.SUMMA	SUMMER.REKKE	SERIESSUM	SORÖSSZEG	SERİTOPLA
SHEET	FEUILLE	BLAD	BLATT	HOJA	FOLHA	SHEET	BLAD	FOGLIO	ARK	ARKUSZ	TAULUKKO	ARK	SHEET	LAP	SAYFA
SHEETS	SHEETS	BLADEN	BLÄTTER	HOJAS	FOLHAS	SHEETS	ANTALBLAD	FOGLI	ARK.FLERE	ARKUSZE	TAULUKOT	ANTALL.ARK	SHEETS	LAPOK	SAYFALAR
SIGN	SIGNE	POS.NEG	VORZEICHEN	SIGNO	SINAL	ЗНАК	TECKEN	SEGNO	FORTEGN	ZNAK.LICZBY	ETUMERKKI	FORTEGN	SIGN	ELŐJEL	İŞARET
SIN	SIN	SIN	SIN	SENO	SEN	SIN	SIN	SEN	SIN	SIN	SIN	SIN	SIN	SIN	SİN
SINH	SINH	SINH	SINHYP	SENOH	SENH	SINH	SINH	SENH	SINH	SINH	SINH	SINH	SINH	SINH	SİNH
SKEW	COEFFICIENT.ASYMETRIE	SCHEEFHEID	SCHIEFE	COEFICIENTE.ASIMETRIA	DISTORÇÃO	СКОС	SNEDHET	ASIMMETRIA	SKÆVHED	SKOŚNOŚĆ	JAKAUMAN.VINOUS	SKJEVFORDELING	SKEW	FERDESÉG	ÇARPIKLIK
SKEW.P	SKEW.P	SCHEEFHEID.P	SCHIEFE.P	COEFICIENTE.ASIMETRIA.P	DISTORÇÃO.P	SKEW.P	SNEDHET.P	ASIMMETRIA.P	SKÆVHED.P	SKOŚNOŚĆ.P	POP.VINOUS	SKJEVFORDELING.P	SKEW.P	FERDESÉG.P	ÇARPIKLIK.P
SLN	AMORLIN	LIN.AFSCHR	LIA	SLN	AMORT	АПЛ	LINAVSKR	AMMORT.COST	LA	SLN	STP	LINAVS	ODPIS.LIN	LCSA	DA
SLOPE	PENTE	RICHTING	STEIGUNG	PENDIENTE	DECLIVE	НАКЛОН	LUTNING	PENDENZA	STIGNING	NACHYLENIE	KULMAKERROIN	STIGNINGSTALL	SLOPE	MEREDEKSÉG	EĞİM
SMALL	PETITE.VALEUR	KLEINSTE	KKLEINSTE	K.ESIMO.MENOR	MENOR	НАИМЕНЬШИЙ	MINSTA	PICCOLO	MINDSTE	MIN.K	PIENI	N.MINST	SMALL	KICSI	KÜÇÜK
SQL.REQUEST	SQL.REQUEST	SQL.REQUEST	SQL.REQUEST	SQL.REQUEST	SQL.REQUEST	SQL.REQUEST	SQL.BEGÄR	SQL.REQUEST	SQL.REQUEST	SQL.REQUEST	SQL.REQUEST	SQL.REQUEST	SQL.REQUEST	SQL.REQUEST	SQL.REQUEST
SQRT	RACINE	WORTEL	WURZEL	RAIZ	RAIZQ	КОРЕНЬ	ROT	RADQ	KVROD	PIERWIASTEK	NELIÖJUURI	ROT	ODMOCNINA	GYÖK	KAREKÖK
SQRTPI	RACINE.PI	WORTEL.PI	WURZELPI	RAIZ2PI	RAIZPI	КОРЕНЬПИ	ROTPI	RADQ.PI.GRECO	KVRODPI	PIERW.PI	NELIÖJUURI.PII	ROTPI	SQRTPI	GYÖKPI	KAREKÖKPİ
STANDARDIZE	CENTREE.REDUITE	NORMALISEREN	STANDARDISIERUNG	NORMALIZACION	NORMALIZAR	НОРМАЛИЗАЦИЯ	STANDARDISERA	NORMALIZZA	STANDARDISER	NORMALIZUJ	NORMITA	NORMALISER	STANDARDIZE	NORMALIZÁLÁS	STANDARTLAŞTIRMA
STDEV	ECARTYPE	STDEV	STABW	DESVEST	DESVPAD	СТАНДОТКЛОН	STDAV	DEV.ST	STDAFV	ODCH.STANDARDOWE	KESKIHAJONTA	STDAV	SMODCH.VÝBĚR	SZÓRÁS	STDSAPMA
STDEV.P	ECARTYPE.PEARSON	STDEV.P	STABW.N	DESVEST.P	DESVPAD.P	СТАНДОТКЛОНП	STDAV.P	DEV.ST.P	STDAFV.P	ODCH.STAND.POPUL	KESKIHAJONTA.P	STDAV.P	SMODCH.P	SZÓR.S	STDSAPMA.P
STDEV.S	ECARTYPE.STANDARD	STDEV.S	STABW.S	DESVEST.M	DESVPAD.S	СТАНДОТКЛОН.В	STDAV.S	DEV.ST.C	STDAFV.S	ODCH.STANDARD.PRÓBKI	KESKIHAJONTA.S	STDAV.S	SMODCH.VÝBĚR.S	SZÓR.M	STDSAPMA.S
STDEVA	STDEVA	STDEVA	STABWA	DESVESTA	DESVPADA	СТАНДОТКЛОНА	STDEVA	DEV.ST.VALORI	STDAFVV	ODCH.STANDARDOWE.A	KESKIHAJONTAA	STDAVVIKA	STDEVA	SZÓRÁSA	STDSAPMAA
STDEVP	ECARTYPEP	STDEVP	STABWN	DESVESTP	DESVPADP	СТАНДОТКЛОНП	STDAVP	DEV.ST.POP	STDAFVP	ODCH.STANDARD.POPUL	KESKIHAJONTAP	STDAVP	SMODCH	SZÓRÁSP	STDSAPMAS
STDEVPA	STDEVPA	STDEVPA	STABWNA	DESVESTPA	DESVPADPA	СТАНДОТКЛОНПА	STDEVPA	DEV.ST.POP.VALORI	STDAFVPV	ODCH.STANDARD.POPUL.A	KESKIHAJONTAPA	STDAVVIKPA	STDEVPA	SZÓRÁSPA	STDSAPMASA
STEYX	ERREUR.TYPE.XY	STAND.FOUT.YX	STFEHLERYX	ERROR.TIPICO.XY	EPADYX	СТОШYX	STDFELYX	ERR.STD.YX	STFYX	REGBŁSTD	KESKIVIRHE	STANDARDFEIL	STEYX	STHIBAYX	STHYX
SUBSTITUTE	SUBSTITUE	SUBSTITUEREN	WECHSELN	SUSTITUIR	SUBST	ПОДСТАВИТЬ	BYT.UT	SOSTITUISCI	UDSKIFT	PODSTAW	VAIHDA	BYTT.UT	DOSADIT	HELYETTE	YERİNEKOY
SUBTOTAL	SOUS.TOTAL	SUBTOTAAL	TEILERGEBNIS	SUBTOTALES	SUBTOTAL	ПРОМЕЖУТОЧНЫЕ.ИТОГИ	DELSUMMA	SUBTOTALE	SUBTOTAL	SUMY.CZĘŚCIOWE	VÄLISUMMA	DELSUM	SUBTOTAL	RÉSZÖSSZEG	ALTTOPLAM
SUM	SOMME	SOM	SUMME	SUMA	SOMA	СУММ	SUMMA	SOMMA	SUM	SUMA	SUMMA	SUMMER	SUMA	SZUM	TOPLA
SUMIF	SOMME.SI	SOM.ALS	SUMMEWENN	SUMAR.SI	SOMA.SE	СУММЕСЛИ	SUMMA.OM	SOMMA.SE	SUM.HVIS	SUMA.JEŻELI	SUMMA.JOS	SUMMERHVIS	SUMIF	SZUMHA	ETOPLA
SUMIFS	SOMME.SI.ENS	SOMMEN.ALS	SUMMEWENNS	SUMAR.SI.CONJUNTO	SOMA.SE.S	СУММЕСЛИМН	SUMMA.OMF	SOMMA.PIÙ.SE	SUM.HVISER	SUMA.WARUNKÓW	SUMMA.JOS.JOUKKO	SUMMER.HVIS.SETT	SUMIFS	SZUMHATÖBB	ÇOKETOPLA
SUMPRODUCT	SOMMEPROD	SOMPRODUCT	SUMMENPRODUKT	SUMAPRODUCTO	SOMARPRODUTO	СУММПРОИЗВ	PRODUKTSUMMA	MATR.SOMMA.PRODOTTO	SUMPRODUKT	SUMA.ILOCZYNÓW	TULOJEN.SUMMA	SUMMERPRODUKT	SOUČIN.SKALÁRNÍ	SZORZATÖSSZEG	TOPLA.ÇARPIM
SUMSQ	SOMME.CARRES	KWADRATENSOM	QUADRATESUMME	SUMA.CUADRADOS	SOMARQUAD	СУММКВ	KVADRATSUMMA	SOMMA.Q	SUMKV	SUMA.KWADRATÓW	NELIÖSUMMA	SUMMERKVADRAT	SUMA.ČTVERCŮ	NÉGYZETÖSSZEG	TOPKARE
SUMX2MY2	SOMME.X2MY2	SOM.X2MINY2	SUMMEX2MY2	SUMAX2MENOSY2	SOMAX2DY2	СУММРАЗНКВ	SUMMAX2MY2	SOMMA.DIFF.Q	SUMX2MY2	SUMA.X2.M.Y2	NELIÖSUMMIEN.EROTUS	SUMMERX2MY2	SUMX2MY2	SZUMX2BŐLY2	TOPX2EY2
SUMX2PY2	SOMME.X2PY2	SOM.X2PLUSY2	SUMMEX2PY2	SUMAX2MASY2	SOMAX2SY2	СУММСУММКВ	SUMMAX2PY2	SOMMA.SOMMA.Q	SUMX2PY2	SUMA.X2.P.Y2	NELIÖSUMMIEN.SUMMA	SUMMERX2PY2	SUMX2PY2	SZUMX2MEGY2	TOPX2AY2
SUMXMY2	SOMME.XMY2	SOM.XMINY.2	SUMMEXMY2	SUMAXMENOSY2	SOMAXMY2	СУММКВРАЗН	SUMMAXMY2	SOMMA.Q.DIFF	SUMXMY2	SUMA.XMY.2	EROTUSTEN.NELIÖSUMMA	SUMMERXMY2	SUMXMY2	SZUMXBŐLY2	TOPXEY2
SYD	SYD	SYD	DIA	SYD	AMORTD	АСЧ	ÅRSAVSKR	AMMORT.ANNUO	ÅRSAFSKRIVNING	SYD	VUOSIPOISTO	ÅRSAVS	ODPIS.NELIN	ÉSZÖ	YAT
T	T	T	T	T	T	Т	T	T	T	T	T	T	T	T	M
T.DIST	LOI.STUDENT.N	T.VERD	T.VERT	DISTR.T.N	DIST.T	СТЬЮДРАСП	T.FÖRD	DISTRIB.T.N	T.FORDELING	ROZKŁ.T	T.JAKAUMA	T.FORDELING	T.DIST	T.ELOSZL	T.DAĞ
T.DIST.2T	LOI.STUDENT.BILATERALE	T.VERD.2T	T.VERT.2S	DISTR.T.2C	DIST.T.2C	СТЬЮДЕНТ.РАСП.2Х	T.FÖRD.2T	DISTRIB.T.2T	T.FORDELING.2T	ROZKŁ.T.DS	T.JAKAUMA.2S	T.FORDELING.2T	T.DIST.2T	T.ELOSZLÁS.2SZ	T.DAĞ.2K
T.DIST.RT	LOI.STUDENT.DROITE	T.VERD.RECHTS	T.VERT.RE	DISTR.T.CD	DIST.T.DIR	СТЬЮДЕНТ.РАСП.ПХ	T.FÖRD.RT	DISTRIB.T.DS	T.FORDELING.RT	ROZKŁ.T.PS	T.JAKAUMA.OH	T.FORDELING.H	T.DIST.RT	T.ELOSZLÁS.JOBB	T.DAĞ.SAĞK
T.INV	LOI.STUDENT.INVERSE.N	T.INV	T.INV	INV.T	INV.T	СТЬЮДРАСПОБР	T.INV	INVT	T.INV	ROZKŁ.T.ODWR	T.KÄÄNT	T.INV	T.INV	T.INVERZ	T.TERS
T.INV.2T	LOI.STUDENT.INVERSE.BILATERALE	T.INV.2T	T.INV.2S	INV.T.2C	INV.T.2C	СТЬЮДЕНТ.ОБР.2Х	T.INV.2T	INV.T.2T	T.INV.2T	ROZKŁ.T.ODWR.DS	T.KÄÄNT.2S	T.INV.2T	T.INV.2T	T.INVERZ.2SZ	T.TERS.2K
T.TEST	T.TEST	T.TEST	T.TEST	PRUEBA.T	TESTET	ТТЕСТ	T.TEST	TESTT	T.TEST	T.TEST	T.TESTI	T.TEST	T.TEST	T.PRÓB	T.TEST
TAN	TAN	TAN	TAN	TAN	TAN	TAN	TAN	TAN	TAN	TAN	TAN	TAN	TG	TAN	TAN
TANH	TANH	TANH	TANHYP	TANH	TANH	TANH	TANH	TANH	TANH	TANH	TANH	TANH	TGH	TANH	TANH
TBILLEQ	TAUX.ESCOMPTE.R	SCHATK.OBL	TBILLÄQUIV	LETRA.DE.TES.EQV.A.BONO	OTN	РАВНОКЧЕК	SSVXEKV	BOT.EQUIV	STATSOBLIGATION	RENT.EKW.BS	OBLIG.TUOTTOPROS	TBILLEKV	TBILLEQ	KJEGY.EGYENÉRT	HTAHEŞ
TBILLPRICE	PRIX.BON.TRESOR	SCHATK.PRIJS	TBILLKURS	LETRA.DE.TES.PRECIO	OTNVALOR	ЦЕНАКЧЕК	SSVXPRIS	BOT.PREZZO	STATSOBLIGATION.KURS	CENA.BS	OBLIG.HINTA	TBILLPRIS	TBILLPRICE	KJEGY.ÁR	HTAHDEĞER
TBILLYIELD	RENDEMENT.BON.TRESOR	SCHATK.REND	TBILLRENDITE	LETRA.DE.TES.RENDTO	OTNLUCRO	ДОХОДКЧЕК	SSVXRÄNTA	BOT.REND	STATSOBLIGATION.AFKAST	RENT.BS	OBLIG.TUOTTO	TBILLAVKASTNING	TBILLYIELD	KJEGY.HOZAM	HTAHÖDEME
TDIST	LOI.STUDENT	T.VERD	TVERT	DISTR.T	DISTT	СТЬЮДРАСП	TFÖRD	DISTRIB.T	Oversigt	ROZKŁAD.T	TJAKAUMA	TFORDELING	TDIST	T.ELOSZLÁS	TDAĞ
TEXT	TEXTE	TEKST	TEXT	TEXTO	TEXTO	ТЕКСТ	TEXT	TESTO	TEKST	TEKST	TEKSTI	TEKST	TEXT	SZÖVEG	METNEÇEVİR
TIME	TEMPS	TIJD	ZEIT	TIEMPO	TEMPO	ВРЕМЯ	KLOCKSLAG	ORARIO	TID	CZAS	AIKA	TID	ČAS	IDŐ	ZAMAN
TIMEVALUE	TEMPSVAL	TIJDWAARDE	ZEITWERT	HORANUMERO	VALOR.TEMPO	ВРЕМЗНАЧ	TIDVÄRDE	ORARIO.VALORE	TIDSVÆRDI	CZAS.WARTOŚĆ	AIKA_ARVO	TIDSVERDI	ČASHODN	IDŐÉRTÉK	ZAMANSAYISI
TINV	LOI.STUDENT.INVERSE	T.INV	TINV	DISTR.T.INV	INVT	СТЬЮДРАСПОБР	TINV	INV.T	TINV	ROZKŁAD.T.ODW	TJAKAUMA.KÄÄNT	TINV	TINV	INVERZ.T	TTERS
TODAY	AUJOURDHUI	VANDAAG	HEUTE	HOY	HOJE	СЕГОДНЯ	IDAG	OGGI	IDAG	DZIŚ	TÄMÄ.PÄIVÄ	IDAG	DNES	MA	BUGÜN
TRANSPOSE	TRANSPOSE	TRANSPONEREN	MTRANS	TRANSPONER	TRANSPOR	ТРАНСП	TRANSPONERA	MATR.TRASPOSTA	TRANSPONER	TRANSPONUJ	TRANSPONOI	TRANSPONER	TRANSPOZICE	TRANSZPONÁLÁS	DEVRİK_DÖNÜŞÜM
TREND	TENDANCE	TREND	TREND	TENDENCIA	TENDÊNCIA	ТЕНДЕНЦИЯ	TREND	TENDENZA	TENDENS	REGLINW	SUUNTAUS	TREND	LINTREND	TREND	EĞİLİM
TRIM	SUPPRESPACE	SPATIES.WISSEN	GLÄTTEN	ESPACIOS	COMPACTAR	СЖПРОБЕЛЫ	STÄDA	ANNULLA.SPAZI	FJERN.OVERFLØDIGE.BLANKE	USUŃ.ZBĘDNE.ODSTĘPY	POISTA.VÄLIT	TRIMME	PROČISTIT	KIMETSZ	KIRP
TRIMMEAN	MOYENNE.REDUITE	GETRIMD.GEM	GESTUTZTMITTEL	MEDIA.ACOTADA	MÉDIA.INTERNA	УРЕЗСРЕДНЕЕ	TRIMMEDEL	MEDIA.TRONCATA	TRIMMIDDELVÆRDI	ŚREDNIA.WEWN	KESKIARVO.TASATTU	TRIMMET.GJENNOMSNITT	TRIMMEAN	RÉSZÁTLAG	KIRPORTALAMA
TRUE	VRAI	WAAR	WAHR	VERDADERO	VERDADEIRO	ИСТИНА	SANT	VERO	SAND	PRAWDA	TOSI	SANN	PRAVDA	IGAZ	DOĞRU
TRUNC	TRONQUE	GEHEEL	KÜRZEN	TRUNCAR	TRUNCAR	ОТБР	AVKORTA	TRONCA	AFKORT	LICZBA.CAŁK	KATKAISE	AVKORT	USEKNOUT	CSONK	NSAT
TTEST	TEST.STUDENT	T.TOETS	TTEST	PRUEBA.T	TESTET	ТТЕСТ	TTEST	TEST.T	TTEST	TEST.T	TTESTI	TTEST	TTEST	T.PRÓBA	TTEST
TYPE	TYPE	TYPE	TYP	TIPO	TIPO	ТИП	VÄRDETYP	TIPO	VÆRDITYPE	TYP	TYYPPI	VERDITYPE	TYP	TÍPUS	TÜR
UNICHAR	UNICAR	UNITEKEN	UNIZEICHEN	UNICAR	UNICARÁT	UNICHAR	UNITECKENKOD	CARATT.UNI	UNICHAR	ZNAK.UNICODE	UNICODEMERKKI	UNICODETEGN	UNICHAR	UNIKARAKTER	UNICODEKARAKTERİ
UNICODE	UNICODE	UNICODE	UNICODE	UNICODE	UNICODE	UNICODE	UNICODE	UNICODE	UNICODE	UNICODE	UNICODE	UNICODE	UNICODE	UNICODE	UNICODE
UPPER	MAJUSCULE	HOOFDLETTERS	GROSS	MAYUSC	MAIÚSCULAS	ПРОПИСН	VERSALER	MAIUSC	STORE.BOGSTAVER	LITERY.WIELKIE	ISOT	STORE	VELKÁ	NAGYBETŰS	BÜYÜKHARF
VALUE	CNUM	WAARDE	WERT	VALOR	VALOR	ЗНАЧЕН	TEXTNUM	VALORE	VÆRDI	WARTOŚĆ	ARVO	VERDI	HODNOTA	ÉRTÉK	SAYIYAÇEVİR
VAR	VAR	VAR	VARIANZ	VAR	VAR	ДИСП	VARIANS	VAR	VARIANS	WARIANCJA	VAR	VARIANS	VAR.VÝBĚR	VAR	VAR
VAR.P	VAR.P	VAR.P	VAR.P	VAR.P	VAR.P	ДИСПР	VARIANS.P	VAR.P	VARIANS.P	WARIANCJA.POP	VAR.P	VARIANS.P	VAR.P	VAR.S	VAR.P
VAR.S	VAR.S	VAR.S	VAR.S	VAR.S	VAR.S	ДИСП.В	VARIANS.S	VAR.C	VARIANS.S	WARIANCJA.PRÓBKI	VAR.S	VARIANS.S	VAR.S	VAR.M	VAR.S
VARA	VARA	VARA	VARIANZA	VARA	VARA	ДИСПА	VARA	VAR.VALORI	VARIANSV	WARIANCJA.A	VARA	VARIANSA	VARA	VARA	VARA
VARP	VARP	VARP	VARIANZEN	VARP	VARP	ДИСПР	VARIANSP	VAR.POP	VARIANSP	WARIANCJA.POPUL	VARP	VARIANSP	VAR	VARP	VARS
VARPA	VARPA	VARPA	VARIANZENA	VARPA	VARPA	ДИСПРА	VARIANSPA	VAR.POP.VALORI	VARIANSPV	WARIANCJA.POPUL.A	VARPA	VARIANSPA	VARPA	VARPA	VARSA
VDB	VDB	VDB	VDB	DVS	BDV	ПУО	VDEGRAVSKR	AMMORT.VAR	VSA	VDB	VDB	VERDIAVS	ODPIS.ZA.INT	ÉCSRI	DAB
VLOOKUP	RECHERCHEV	VERT.ZOEKEN	SVERWEIS	BUSCARV	PROCV	ВПР	LETARAD	CERCA.VERT	LOPSLAG	WYSZUKAJ.PIONOWO	PHAKU	FINN.RAD	SVYHLEDAT	FKERES	DÜŞEYARA
WEBSERVICE	SERVICEWEB	WEBSERVICE	WEBDIENST	SERVICIOWEB	SERVIÇOWEB	WEBSERVICE	WEBBTJÄNST	SERVIZIO.WEB	WEBTJENESTE	WEBSERVICE	VERKKOPALVELU	NETTJENESTE	WEBOVÁSLUŽBA	WEBSZOLGÁLTATÁS	WEBHİZMETİ
WEEKDAY	JOURSEM	WEEKDAG	WOCHENTAG	DIASEM	DIA.SEMANA	ДЕНЬНЕД	VECKODAG	GIORNO.SETTIMANA	UGEDAG	DZIEŃ.TYG	VIIKONPÄIVÄ	UKEDAG	DENTÝDNE	HÉT.NAPJA	HAFTANINGÜNÜ
WEEKNUM	NO.SEMAINE	WEEKNUMMER	KALENDERWOCHE	NUM.DE.SEMANA	NÚMSEMANA	НОМНЕДЕЛИ	VECKONR	NUM.SETTIMANA	UGE.NR	NUM.TYG	VIIKKO.NRO	UKENR	WEEKNUM	HÉT.SZÁMA	HAFTASAY
WEIBULL	LOI.WEIBULL	WEIBULL	WEIBULL	DIST.WEIBULL	WEIBULL	ВЕЙБУЛЛ	WEIBULL	WEIBULL	WEIBULL	ROZKŁAD.WEIBULL	WEIBULL	WEIBULL.FORDELING	WEIBULL	WEIBULL	WEIBULL
WEIBULL.DIST	LOI.WEIBULL.N	WEIBULL.VERD	WEIBULL.VERT	DIST.WEIBULL	DIST.WEIBULL	ВЕЙБУЛЛ.РАСП	WEIBULL.DIST	DISTRIB.WEIBULL	WEIBULL.FORDELING	ROZKŁ.WEIBULL	WEIBULL.JAKAUMA	WEIBULL.DIST.N	WEIBULL.DIST	WEIBULL.ELOSZLÁS	WEIBULL.DAĞ
WORKDAY	SERIE.JOUR.OUVRE	WERKDAG	ARBEITSTAG	DIA.LAB	DIA.TRABALHO	РАБДЕНЬ	ARBETSDAGAR	GIORNO.LAVORATIVO	ARBEJDSDAG	DZIEŃ.ROBOCZY	TYÖPÄIVÄ	ARBEIDSDAG	WORKDAY	KALK.MUNKANAP	İŞGÜNÜ
WORKDAY.INTL	SERIE.JOUR.OUVRE.INTL	WERKDAG.INTL	ARBEITSTAG.INTL	DIA.LAB.INTL	DIATRABALHO.INTL	РАБДЕНЬ.МЕЖД	ARBETSDAGAR.INT	GIORNO.LAVORATIVO.INTL	ARBEJDSDAG.INTL	DZIEŃ.ROBOCZY.NIESTAND	TYÖPÄIVÄ.KANSVÄL	ARBEIDSDAG.INTL	WORKDAY.INTL	KALK.MUNKANAP.INTL	İŞGÜNÜ.ULUSL
XIRR	TRI.PAIEMENTS	IR.SCHEMA	XINTZINSFUSS	TIR.NO.PER	XTIR	ЧИСТВНДОХ	XIRR	TIR.X	INTERN.RENTE	XIRR	SISÄINEN.KORKO.JAKSOTON	XIR	XIRR	XBMR	AİÇVERİMORANI
XNPV	VAN.PAIEMENTS	NHW2	XKAPITALWERT	VNA.NO.PER	XVAL	ЧИСТНЗ	XNUVÄRDE	VAN.X	NETTO.NUTIDSVÆRDI	XNPV	NNA.JAKSOTON	XNNV	XNPV	XNJÉ	ANBD
XOR	OUX	EX.OF	XODER	XO	XOR	XOR	XELLER	XOR	Enten-eller	XOR	EHDOTON.TAI	EKSKLUSIVELLER	XOR	XVAGY	ÖZELVEYA
YEAR	ANNEE	JAAR	JAHR	AÑO	ANO	ГОД	ÅR	ANNO	ÅR	ROK	VUOSI	ÅR	ROK	ÉV	YIL
YEARFRAC	FRACTION.ANNEE	JAAR.DEEL	BRTEILJAHRE	FRAC.AÑO	FRACÇÃOANO	ДОЛЯГОДА	ÅRDEL	FRAZIONE.ANNO	ÅR.BRØK	CZĘŚĆ.ROKU	VUOSI.OSA	ÅRDEL	YEARFRAC	TÖRTÉV	YILORAN
YIELD	RENDEMENT.TITRE	RENDEMENT	RENDITE	RENDTO	LUCRO	ДОХОД	NOMAVK	REND	AFKAST	RENTOWNOŚĆ	TUOTTO	AVKAST	YIELD	HOZAM	ÖDEME
YIELDDISC	RENDEMENT.SIMPLE	REND.DISCONTO	RENDITEDIS	RENDTO.DESC	LUCRODESC	ДОХОДСКИДКА	NOMAVKDISK	REND.TITOLI.SCONT	AFKAST.DISKONTO	RENT.DYSK	TUOTTO.DISK	AVKAST.DISKONTERT	YIELDDISC	HOZAM.LESZÁM	ÖDEMEİND
YIELDMAT	RENDEMENT.TITRE.ECHEANCE	REND.VERVAL	RENDITEFÄLL	RENDTO.VENCTO	LUCROVENC	ДОХОДПОГАШ	NOMAVKFÖRF	REND.SCAD	AFKAST.UDLØBSDATO	RENT.WYKUP	TUOTTO.ERÄP	AVKAST.FORFALL	YIELDMAT	HOZAM.LEJÁRAT	ÖDEMEVADE
Z.TEST	Z.TEST	Z.TEST	G.TEST	PRUEBA.Z	TESTE.Z	Z.ТЕСТ	Z.TEST	TESTZ	Z.TEST	Z.TEST	Z.TESTI	Z.TEST	Z.TEST	Z.PRÓB	Z.TEST
ZTEST	TEST.Z	Z.TOETS	GTEST	PRUEBA.Z	TESTEZ	ZТЕСТ	ZTEST	TEST.Z	ZTEST	TEST.Z	ZTESTI	ZTEST	ZTEST	Z.PRÓBA	ZTEST